Date;Workout Name;Exercise Name;Set Order;Weight;Weight Unit;Reps;RPE;Distance;Distance Unit;Seconds;Notes;Workout Notes;Workout Duration
2025-05-21 15:56:15;"Afternoon Workout";"Bicep Curl (Barbell)";1;10;kg;8;;;;0;"";"";53m
2025-05-21 15:56:15;"Afternoon Workout";"Bicep Curl (Barbell)";2;10;kg;8;;;;0;;;53m
2025-05-21 15:56:15;"Afternoon Workout";"Bicep Curl (Barbell)";3;10;kg;5;;;;0;;;53m
2025-05-21 15:56:15;"Afternoon Workout";"Bicep Curl (Barbell)";4;10;kg;3;;;;0;;;53m
2025-05-21 15:56:15;"Afternoon Workout";"Concentration Curl (Dumbbell)";1;5;kg;10;;;;0;"";;53m
2025-05-21 15:56:15;"Afternoon Workout";"Concentration Curl (Dumbbell)";2;5;kg;7;;;;0;;;53m
2025-05-21 15:56:15;"Afternoon Workout";"Concentration Curl (Dumbbell)";3;5;kg;8;;;;0;;;53m
2025-05-21 15:56:15;"Afternoon Workout";"Concentration Curl (Dumbbell)";4;5;kg;7;;;;0;;;53m
2025-05-21 15:56:15;"Afternoon Workout";"Hammer Curl (Dumbbell)";1;5;kg;8;;;;0;"";;53m
2025-05-21 15:56:15;"Afternoon Workout";"Hammer Curl (Dumbbell)";2;5;kg;5;;;;0;;;53m
2025-05-21 15:56:15;"Afternoon Workout";"Triceps Pushdown (Cable - Straight Bar)";1;36;kg;10;;;;0;"";;53m
2025-05-21 15:56:15;"Afternoon Workout";"Triceps Pushdown (Cable - Straight Bar)";2;36;kg;10;;;;0;;;53m
2025-05-21 15:56:15;"Afternoon Workout";"Triceps Pushdown (Cable - Straight Bar)";3;36;kg;7;;;;0;;;53m
2025-05-21 15:56:15;"Afternoon Workout";"Triceps Pushdown (Cable - Straight Bar)";4;36;kg;6;;;;0;;;53m
2025-05-21 15:56:15;"Afternoon Workout";"Crunch (Machine)";1;23;kg;10;;;;0;"";;53m
2025-05-21 15:56:15;"Afternoon Workout";"Crunch (Machine)";2;37;kg;10;;;;0;;;53m
2025-05-21 15:56:15;"Afternoon Workout";"Crunch (Machine)";3;50;kg;10;;;;0;;;53m
2025-05-21 15:56:15;"Afternoon Workout";"Crunch (Machine)";4;50;kg;10;;;;0;;;53m
2025-05-23 11:10:58;"Midday Workout";"vertical row";1;18;kg;10;;;;0;"";"";54m
2025-05-23 11:10:58;"Midday Workout";"vertical row";2;23;kg;10;;;;0;;;54m
2025-05-23 11:10:58;"Midday Workout";"vertical row";3;30;kg;10;;;;0;;;54m
2025-05-23 11:10:58;"Midday Workout";"vertical row";4;36;kg;10;;;;0;;;54m
2025-05-23 11:10:58;"Midday Workout";"Lat Pulldown (Cable)";1;25;kg;10;;;;0;"";;54m
2025-05-23 11:10:58;"Midday Workout";"Lat Pulldown (Cable)";2;30;kg;10;;;;0;;;54m
2025-05-23 11:10:58;"Midday Workout";"Lat Pulldown (Cable)";3;35;kg;10;;;;0;;;54m
2025-05-23 11:10:58;"Midday Workout";"Lat Pulldown (Cable)";4;55;kg;6;;;;0;;;54m
2025-05-23 11:10:58;"Midday Workout";"Seated Row (Cable)";1;14;kg;10;;;;0;"";;54m
2025-05-23 11:10:58;"Midday Workout";"Seated Row (Cable)";2;22;kg;10;;;;0;;;54m
2025-05-23 11:10:58;"Midday Workout";"Seated Row (Cable)";3;28;kg;10;;;;0;;;54m
2025-05-23 11:10:58;"Midday Workout";"Seated Row (Cable)";4;34;kg;10;;;;0;;;54m
2025-05-23 11:10:58;"Midday Workout";"Face Pull (Cable)";1;14;kg;10;;;;0;"";;54m
2025-05-23 11:10:58;"Midday Workout";"Face Pull (Cable)";2;18;kg;10;;;;0;;;54m
2025-05-23 11:10:58;"Midday Workout";"Face Pull (Cable)";3;23;kg;10;;;;0;;;54m
2025-05-23 11:10:58;"Midday Workout";"Face Pull (Cable)";4;36;kg;10;;;;0;;;54m
2025-05-23 11:10:58;"Midday Workout";"Crunch";1;;;10;;;;0;"";;54m
2025-05-23 11:10:58;"Midday Workout";"Crunch";2;;;10;;;;0;;;54m
2025-05-23 11:10:58;"Midday Workout";"Crunch";3;;;10;;;;0;;;54m
2025-05-23 11:10:58;"Midday Workout";"Pull Up (Assisted)";1;40;kg;10;;;;0;"";;54m
2025-05-23 11:10:58;"Midday Workout";"Pull Up (Assisted)";2;40;kg;10;;;;0;;;54m
2025-05-23 11:10:58;"Midday Workout";"Pull Up (Assisted)";3;64;kg;10;;;;0;;;54m
2025-05-23 11:10:58;"Midday Workout";"Pull Up (Assisted)";4;70;kg;8;;;;0;;;54m
2025-05-23 11:10:58;"Midday Workout";"Walking";1;;;;;1.30;km;12;"";;54m
2025-05-26 10:38:58;"Morning Workout";"Walking";1;;;;;1;km;11;"";"";1h 14m
2025-05-26 10:38:58;"Morning Workout";"Bench Press - Wide Grip (Barbell)";1;0;kg;10;;;;0;"";;1h 14m
2025-05-26 10:38:58;"Morning Workout";"Bench Press - Wide Grip (Barbell)";2;20;kg;10;;;;0;;;1h 14m
2025-05-26 10:38:58;"Morning Workout";"Bench Press - Wide Grip (Barbell)";3;20;kg;10;;;;0;;;1h 14m
2025-05-26 10:38:58;"Morning Workout";"Bench Press - Wide Grip (Barbell)";4;25;kg;5;;;;0;;;1h 14m
2025-05-26 10:38:58;"Morning Workout";"Cable Crossover";1;7;kg;10;;;;0;"";;1h 14m
2025-05-26 10:38:58;"Morning Workout";"Cable Crossover";2;9;kg;10;;;;0;;;1h 14m
2025-05-26 10:38:58;"Morning Workout";"Cable Crossover";3;9;kg;10;;;;0;;;1h 14m
2025-05-26 10:38:58;"Morning Workout";"Cable Crossover";4;9;kg;8;;;;0;;;1h 14m
2025-05-26 10:38:58;"Morning Workout";"Cable Crossover";1;7;kg;10;;;;0;"";;1h 14m
2025-05-26 10:38:58;"Morning Workout";"Cable Crossover";2;9;kg;10;;;;0;;;1h 14m
2025-05-26 10:38:58;"Morning Workout";"Cable Crossover";3;9;kg;10;;;;0;;;1h 14m
2025-05-26 10:38:58;"Morning Workout";"Cable Crossover";4;14;kg;10;;;;0;;;1h 14m
2025-05-26 10:38:58;"Morning Workout";"Incline Bench Press (Barbell)";1;20;kg;10;;;;0;"";;1h 14m
2025-05-26 10:38:58;"Morning Workout";"Incline Bench Press (Barbell)";2;20;kg;10;;;;0;;;1h 14m
2025-05-26 10:38:58;"Morning Workout";"Incline Bench Press (Barbell)";3;20;kg;10;;;;0;;;1h 14m
2025-05-26 10:38:58;"Morning Workout";"Incline Bench Press (Barbell)";4;30;kg;3;;;;0;;;1h 14m
2025-05-26 10:38:58;"Morning Workout";"Crunch";1;0;kg;20;;;;0;"";;1h 14m
2025-05-27 10:51:13;"Morning Workout";"Concentration Curl (Dumbbell)";1;5;kg;10;;;;0;"";"";43m
2025-05-27 10:51:13;"Morning Workout";"Concentration Curl (Dumbbell)";2;5;kg;10;;;;0;;;43m
2025-05-27 10:51:13;"Morning Workout";"Concentration Curl (Dumbbell)";3;5;kg;10;;;;0;;;43m
2025-05-27 10:51:13;"Morning Workout";"Concentration Curl (Dumbbell)";4;5;kg;10;;;;0;;;43m
2025-05-27 10:51:13;"Morning Workout";"Hammer Curl (Dumbbell)";1;5;kg;10;;;;0;"";;43m
2025-05-27 10:51:13;"Morning Workout";"Hammer Curl (Dumbbell)";2;5;kg;10;;;;0;;;43m
2025-05-27 10:51:13;"Morning Workout";"Hammer Curl (Dumbbell)";3;5;kg;10;;;;0;;;43m
2025-05-27 10:51:13;"Morning Workout";"Bicep Curl (Barbell)";1;10;kg;4;;;;0;"";;43m
2025-05-27 10:51:13;"Morning Workout";"Bicep Curl (Barbell)";2;10;kg;2;;;;0;;;43m
2025-05-27 10:51:13;"Morning Workout";"Bicep Curl (Barbell)";3;10;kg;3;;;;0;;;43m
2025-05-27 10:51:13;"Morning Workout";"Bicep Curl (Barbell)";4;10;kg;3;;;;0;;;43m
2025-05-27 10:51:13;"Morning Workout";"Triceps Pushdown (Cable - Straight Bar)";1;36;kg;10;;;;0;"";;43m
2025-05-27 10:51:13;"Morning Workout";"Triceps Pushdown (Cable - Straight Bar)";2;36;kg;10;;;;0;;;43m
2025-05-27 10:51:13;"Morning Workout";"Triceps Pushdown (Cable - Straight Bar)";3;36;kg;8;;;;0;;;43m
2025-05-27 10:51:13;"Morning Workout";"Triceps Pushdown (Cable - Straight Bar)";4;36;kg;7;;;;0;;;43m
2025-05-27 10:51:13;"Morning Workout";"Walking";1;;;;;;km;10;"";;43m
2025-05-28 10:43:04;"Leg day";"Walking";1;;;;;;km;10;"";"";1h 1m
2025-05-28 10:43:04;"Leg day";"Hack Squat";1;0;kg;10;;;;0;"";;1h 1m
2025-05-28 10:43:04;"Leg day";"Hack Squat";2;10;kg;10;;;;0;;;1h 1m
2025-05-28 10:43:04;"Leg day";"Hack Squat";3;10;kg;8;;;;0;;;1h 1m
2025-05-28 10:43:04;"Leg day";"Hack Squat";4;10;kg;7;;;;0;;;1h 1m
2025-05-28 10:43:04;"Leg day";"Seated Leg Press (Machine)";1;43;kg;10;;;;0;"";;1h 1m
2025-05-28 10:43:04;"Leg day";"Seated Leg Press (Machine)";2;57;kg;10;;;;0;;;1h 1m
2025-05-28 10:43:04;"Leg day";"Seated Leg Press (Machine)";3;70;kg;10;;;;0;;;1h 1m
2025-05-28 10:43:04;"Leg day";"Seated Leg Press (Machine)";4;84;kg;10;;;;0;;;1h 1m
2025-05-28 10:43:04;"Leg day";"Leg Extension (Machine)";1;43;kg;10;;;;0;"";;1h 1m
2025-05-28 10:43:04;"Leg day";"Leg Extension (Machine)";2;43;kg;10;;;;0;;;1h 1m
2025-05-28 10:43:04;"Leg day";"Leg Extension (Machine)";3;43;kg;10;;;;0;;;1h 1m
2025-05-28 10:43:04;"Leg day";"Leg Extension (Machine)";4;43;kg;10;;;;0;;;1h 1m
2025-05-28 10:43:04;"Leg day";"Lying Leg Curl (Machine)";1;20;kg;10;;;;0;"";;1h 1m
2025-05-28 10:43:04;"Leg day";"Lying Leg Curl (Machine)";2;26;kg;10;;;;0;;;1h 1m
2025-05-28 10:43:04;"Leg day";"Lying Leg Curl (Machine)";3;14;kg;10;;;;0;;;1h 1m
2025-05-28 10:43:04;"Leg day";"Lying Leg Curl (Machine)";4;14;kg;10;;;;0;;;1h 1m
2025-05-28 10:43:04;"Leg day";"Crunch (Machine)";1;30;kg;10;;;;0;"";;1h 1m
2025-05-28 10:43:04;"Leg day";"Crunch (Machine)";2;57;kg;10;;;;0;;;1h 1m
2025-05-28 10:43:04;"Leg day";"Crunch (Machine)";3;23;kg;10;;;;0;;;1h 1m
2025-05-28 10:43:04;"Leg day";"Crunch (Machine)";4;23;kg;10;;;;0;;;1h 1m
2025-06-02 09:10:11;"Chest day";"Cable Crossover";1;9;kg;10;;;;0;"";"";1h 6m
2025-06-02 09:10:11;"Chest day";"Cable Crossover";2;9;kg;10;;;;0;;;1h 6m
2025-06-02 09:10:11;"Chest day";"Cable Crossover";3;14;kg;10;;;;0;;;1h 6m
2025-06-02 09:10:11;"Chest day";"Cable Crossover";4;9;kg;10;;;;0;;;1h 6m
2025-06-02 09:10:11;"Chest day";"cable down";1;14;kg;10;;;;0;"";;1h 6m
2025-06-02 09:10:11;"Chest day";"cable down";2;14;kg;10;;;;0;;;1h 6m
2025-06-02 09:10:11;"Chest day";"cable down";3;14;kg;10;;;;0;;;1h 6m
2025-06-02 09:10:11;"Chest day";"cable down";4;14;kg;10;;;;0;;;1h 6m
2025-06-02 09:10:11;"Chest day";"Bench Press (Barbell)";1;15;kg;8;;;;0;"";;1h 6m
2025-06-02 09:10:11;"Chest day";"Bench Press (Barbell)";2;10;kg;8;;;;0;;;1h 6m
2025-06-02 09:10:11;"Chest day";"Bench Press (Barbell)";3;10;kg;10;;;;0;;;1h 6m
2025-06-02 09:10:11;"Chest day";"Bench Press (Barbell)";4;10;kg;8;;;;0;;;1h 6m
2025-06-02 09:10:11;"Chest day";"Incline Bench Press (Barbell)";1;20;kg;10;;;;0;"";;1h 6m
2025-06-02 09:10:11;"Chest day";"Incline Bench Press (Barbell)";2;20;kg;6;;;;0;;;1h 6m
2025-06-02 09:10:11;"Chest day";"Incline Bench Press (Barbell)";3;20;kg;6;;;;0;;;1h 6m
2025-06-02 09:10:11;"Chest day";"Incline Bench Press (Barbell)";4;20;kg;4;;;;0;;;1h 6m
2025-06-02 09:10:11;"Chest day";"Pec Deck (Machine)";1;18;kg;10;;;;0;"";;1h 6m
2025-06-02 09:10:11;"Chest day";"Pec Deck (Machine)";2;15;kg;10;;;;0;;;1h 6m
2025-06-02 09:10:11;"Chest day";"Pec Deck (Machine)";3;23;kg;5;;;;0;;;1h 6m
2025-06-02 09:10:11;"Chest day";"Pec Deck (Machine)";4;18;kg;5;;;;0;;;1h 6m
2025-06-02 09:10:11;"Chest day";"Pec Deck (Machine)";5;30;kg;3;;;;0;;;1h 6m
2025-06-02 09:10:11;"Chest day";"Crunch";1;;;15;;;;0;"";;1h 6m
2025-06-02 09:10:11;"Chest day";"Crunch";2;;;15;;;;0;;;1h 6m
2025-06-02 09:10:11;"Chest day";"Crunch";3;;;20;;;;0;;;1h 6m
2025-06-03 08:46:22;"Arm day";"Bicep Curl (Barbell)";1;10;kg;10;;;;0;"";"";46m
2025-06-03 08:46:22;"Arm day";"Bicep Curl (Barbell)";2;10;kg;10;;;;0;;;46m
2025-06-03 08:46:22;"Arm day";"Bicep Curl (Barbell)";3;10;kg;8;;;;0;;;46m
2025-06-03 08:46:22;"Arm day";"Bicep Curl (Barbell)";4;10;kg;4;;;;0;;;46m
2025-06-03 08:46:22;"Arm day";"Concentration Curl (Dumbbell)";1;5;kg;10;;;;0;"";;46m
2025-06-03 08:46:22;"Arm day";"Concentration Curl (Dumbbell)";2;5;kg;10;;;;0;;;46m
2025-06-03 08:46:22;"Arm day";"Concentration Curl (Dumbbell)";3;5;kg;10;;;;0;;;46m
2025-06-03 08:46:22;"Arm day";"Concentration Curl (Dumbbell)";4;5;kg;10;;;;0;;;46m
2025-06-03 08:46:22;"Arm day";"Hammer Curl (Dumbbell)";1;5;kg;8;;;;0;"";;46m
2025-06-03 08:46:22;"Arm day";"Hammer Curl (Dumbbell)";2;5;kg;6;;;;0;;;46m
2025-06-03 08:46:22;"Arm day";"Hammer Curl (Dumbbell)";3;2.5;kg;10;;;;0;;;46m
2025-06-03 08:46:22;"Arm day";"Hammer Curl (Dumbbell)";4;2.5;kg;10;;;;0;;;46m
2025-06-03 08:46:22;"Arm day";"Triceps Pushdown (Cable - Straight Bar)";1;36;kg;10;;;;0;"";;46m
2025-06-03 08:46:22;"Arm day";"Triceps Pushdown (Cable - Straight Bar)";2;43;kg;10;;;;0;;;46m
2025-06-03 08:46:22;"Arm day";"Triceps Pushdown (Cable - Straight Bar)";3;36;kg;10;;;;0;;;46m
2025-06-03 08:46:22;"Arm day";"Triceps Pushdown (Cable - Straight Bar)";4;36;kg;12;;;;0;;;46m
2025-06-03 08:46:22;"Arm day";"Crunch (Machine)";1;30;kg;10;;;;0;"";;46m
2025-06-03 08:46:22;"Arm day";"Crunch (Machine)";2;50;kg;10;;;;0;;;46m
2025-06-03 08:46:22;"Arm day";"Crunch (Machine)";3;64;kg;10;;;;0;;;46m
2025-06-03 08:46:22;"Arm day";"Crunch (Machine)";4;64;kg;10;;;;0;;;46m
2025-06-05 16:08:46;"Shoulder + legs";"Lateral Raise (Dumbbell)";1;6;kg;10;;;;0;"";"";1h 15m
2025-06-05 16:08:46;"Shoulder + legs";"Lateral Raise (Dumbbell)";2;6;kg;10;;;;0;;;1h 15m
2025-06-05 16:08:46;"Shoulder + legs";"Lateral Raise (Dumbbell)";3;6;kg;10;;;;0;;;1h 15m
2025-06-05 16:08:46;"Shoulder + legs";"Lateral Raise (Dumbbell)";4;6;kg;10;;;;0;;;1h 15m
2025-06-05 16:08:46;"Shoulder + legs";"Front Raise (Dumbbell)";1;6;kg;10;;;;0;"";;1h 15m
2025-06-05 16:08:46;"Shoulder + legs";"Front Raise (Dumbbell)";2;6;kg;8;;;;0;;;1h 15m
2025-06-05 16:08:46;"Shoulder + legs";"Front Raise (Dumbbell)";3;6;kg;8;;;;0;;;1h 15m
2025-06-05 16:08:46;"Shoulder + legs";"Front Raise (Dumbbell)";4;6;kg;8;;;;0;;;1h 15m
2025-06-05 16:08:46;"Shoulder + legs";"Seated Overhead Press (Dumbbell)";1;8;kg;10;;;;0;"";;1h 15m
2025-06-05 16:08:46;"Shoulder + legs";"Seated Overhead Press (Dumbbell)";2;8;kg;10;;;;0;;;1h 15m
2025-06-05 16:08:46;"Shoulder + legs";"Seated Overhead Press (Dumbbell)";3;8;kg;9;;;;0;;;1h 15m
2025-06-05 16:08:46;"Shoulder + legs";"Seated Overhead Press (Dumbbell)";4;8;kg;10;;;;0;;;1h 15m
2025-06-05 16:08:46;"Shoulder + legs";"Hack Squat";1;0;kg;10;;;;0;"";;1h 15m
2025-06-05 16:08:46;"Shoulder + legs";"Hack Squat";2;20;kg;10;;;;0;;;1h 15m
2025-06-05 16:08:46;"Shoulder + legs";"Hack Squat";3;20;kg;10;;;;0;;;1h 15m
2025-06-05 16:08:46;"Shoulder + legs";"Hack Squat";4;20;kg;10;;;;0;;;1h 15m
2025-06-05 16:08:46;"Shoulder + legs";"Hack Squat";5;20;kg;10;;;;0;;;1h 15m
2025-06-05 16:08:46;"Shoulder + legs";"Seated Leg Press (Machine)";1;90;kg;10;;;;0;"";;1h 15m
2025-06-05 16:08:46;"Shoulder + legs";"Seated Leg Press (Machine)";2;84;kg;10;;;;0;;;1h 15m
2025-06-05 16:08:46;"Shoulder + legs";"Seated Leg Press (Machine)";3;84;kg;10;;;;0;;;1h 15m
2025-06-05 16:08:46;"Shoulder + legs";"Seated Leg Press (Machine)";4;84;kg;10;;;;0;;;1h 15m
2025-06-05 16:08:46;"Shoulder + legs";"Lat Pulldown (Cable)";1;30;kg;10;;;;0;"";;1h 15m
2025-06-05 16:08:46;"Shoulder + legs";"Lat Pulldown (Cable)";2;40;kg;10;;;;0;;;1h 15m
2025-06-05 16:08:46;"Shoulder + legs";"Shoulder Press (Machine)";1;30;kg;10;;;;0;"";;1h 15m
2025-06-05 16:08:46;"Shoulder + legs";"Shoulder Press (Machine)";2;36;kg;7;;;;0;;;1h 15m
2025-06-05 16:08:46;"Shoulder + legs";"Shoulder Press (Machine)";3;23;kg;8;;;;0;;;1h 15m
2025-06-05 16:08:46;"Shoulder + legs";"Shoulder Press (Machine)";4;18;kg;8;;;;0;;;1h 15m
2025-06-05 16:08:46;"Shoulder + legs";"Lying Leg Curl (Machine)";1;18;kg;10;;;;0;"";;1h 15m
2025-06-05 16:08:46;"Shoulder + legs";"Lying Leg Curl (Machine)";2;30;kg;10;;;;0;;;1h 15m
2025-06-05 16:08:46;"Shoulder + legs";"Lying Leg Curl (Machine)";3;25;kg;10;;;;0;;;1h 15m
2025-06-05 16:08:46;"Shoulder + legs";"Lying Leg Curl (Machine)";4;30;kg;10;;;;0;;;1h 15m
2025-06-06 16:26:55;"Back";"vertical row";1;14;kg;10;;;;0;"";"";54m
2025-06-06 16:26:55;"Back";"vertical row";2;30;kg;10;;;;0;;;54m
2025-06-06 16:26:55;"Back";"vertical row";3;30;kg;10;;;;0;;;54m
2025-06-06 16:26:55;"Back";"vertical row";4;30;kg;10;;;;0;;;54m
2025-06-06 16:26:55;"Back";"vertical row";5;36;kg;10;;;;0;;;54m
2025-06-06 16:26:55;"Back";"Lat Pulldown (Cable)";1;30;kg;10;;;;0;"";;54m
2025-06-06 16:26:55;"Back";"Lat Pulldown (Cable)";2;50;kg;10;;;;0;;;54m
2025-06-06 16:26:55;"Back";"Lat Pulldown (Cable)";3;43;kg;10;;;;0;;;54m
2025-06-06 16:26:55;"Back";"Lat Pulldown (Cable)";4;43;kg;10;;;;0;;;54m
2025-06-06 16:26:55;"Back";"Seated Row (Cable)";1;30;kg;10;;;;0;"";;54m
2025-06-06 16:26:55;"Back";"Seated Row (Cable)";2;36;kg;10;;;;0;;;54m
2025-06-06 16:26:55;"Back";"Seated Row (Cable)";3;50;kg;8;;;;0;;;54m
2025-06-06 16:26:55;"Back";"Seated Row (Cable)";4;43;kg;10;;;;0;;;54m
2025-06-06 16:26:55;"Back";"Bent Over One Arm Row (Dumbbell)";1;12;kg;10;;;;0;"";;54m
2025-06-06 16:26:55;"Back";"Bent Over One Arm Row (Dumbbell)";2;12;kg;10;;;;0;;;54m
2025-06-06 16:26:55;"Back";"Bent Over One Arm Row (Dumbbell)";3;14;kg;10;;;;0;;;54m
2025-06-06 16:26:55;"Back";"Bent Over One Arm Row (Dumbbell)";4;14;kg;10;;;;0;;;54m
2025-06-06 16:26:55;"Back";"Crunch (Machine)";1;50;kg;10;;;;0;"";;54m
2025-06-06 16:26:55;"Back";"Crunch (Machine)";2;64;kg;10;;;;0;;;54m
2025-06-06 16:26:55;"Back";"Crunch (Machine)";3;64;kg;10;;;;0;;;54m
2025-06-06 16:26:55;"Back";"Crunch (Machine)";4;64;kg;10;;;;0;;;54m
2025-06-06 16:26:55;"Back";"Back Extension";1;10;kg;10;;;;0;"";;54m
2025-06-06 16:26:55;"Back";"Back Extension";2;10;kg;7;;;;0;;;54m
2025-06-10 10:10:02;"Upper 1";"Bench Press (Barbell)";1;50;kg;8;;;;0;"3rd set is back off 60/85% ";"chest focuses";1h 19m
2025-06-10 10:10:02;"Upper 1";"Bench Press (Barbell)";2;50;kg;12;;;;0;;;1h 19m
2025-06-10 10:10:02;"Upper 1";"Incline Bench Press (Barbell)";1;40;kg;10;;;;0;"";;1h 19m
2025-06-10 10:10:02;"Upper 1";"Incline Bench Press (Barbell)";2;40;kg;8;;;;0;;;1h 19m
2025-06-10 10:10:02;"Upper 1";"Incline Bench Press (Barbell)";3;40;kg;11;;;;0;;;1h 19m
2025-06-10 10:10:02;"Upper 1";"Pull Up (Assisted)";1;43;kg;8;;;;0;"";;1h 19m
2025-06-10 10:10:02;"Upper 1";"Pull Up (Assisted)";2;43;kg;8;;;;0;;;1h 19m
2025-06-10 10:10:02;"Upper 1";"Pull Up (Assisted)";3;57;kg;10;;;;0;;;1h 19m
2025-06-10 10:10:02;"Upper 1";"straight arm pulldown";1;20;kg;7;;;;0;"";;1h 19m
2025-06-10 10:10:02;"Upper 1";"Bicep Curl (Barbell)";1;10;kg;10;;;;0;"";;1h 19m
2025-06-10 10:10:02;"Upper 1";"Bicep Curl (Barbell)";2;10;kg;10;;;;0;;;1h 19m
2025-06-10 10:10:02;"Upper 1";"Bicep Curl (Barbell)";3;10;kg;10;;;;0;;;1h 19m
2025-06-10 10:10:02;"Upper 1";"Bicep Curl (Barbell)";4;10;kg;7;;;;0;;;1h 19m
2025-06-10 10:10:02;"Upper 1";"Hammer Curl (Dumbbell)";1;6;kg;12;;;;0;"";;1h 19m
2025-06-10 10:10:02;"Upper 1";"Hammer Curl (Dumbbell)";2;6;kg;10;;;;0;;;1h 19m
2025-06-10 10:10:02;"Upper 1";"Hammer Curl (Dumbbell)";3;6;kg;10;;;;0;;;1h 19m
2025-06-10 10:10:02;"Upper 1";"Skullcrusher (Barbell)";1;10;kg;10;;;;0;"";;1h 19m
2025-06-10 10:10:02;"Upper 1";"Skullcrusher (Barbell)";2;10;kg;10;;;;0;;;1h 19m
2025-06-10 10:10:02;"Upper 1";"Skullcrusher (Barbell)";3;10;kg;8;;;;0;;;1h 19m
2025-06-10 10:10:02;"Upper 1";"Lateral Raise (Dumbbell)";1;6;kg;10;;;;0;"";;1h 19m
2025-06-10 10:10:02;"Upper 1";"Lateral Raise (Dumbbell)";2;6;kg;9;;;;0;;;1h 19m
2025-06-10 10:10:02;"Upper 1";"Lateral Raise (Dumbbell)";3;6;kg;10;;;;0;;;1h 19m
2025-06-10 10:10:02;"Upper 1";"Lateral Raise (Dumbbell)";4;6;kg;10;;;;0;;;1h 19m
2025-06-10 10:10:02;"Upper 1";"Lat Pulldown (Cable)";1;30;kg;10;;;;0;"";;1h 19m
2025-06-10 10:10:02;"Upper 1";"Lat Pulldown (Cable)";2;40;kg;10;;;;0;;;1h 19m
2025-06-11 12:48:01;"Lower 1";"Hack Squat";1;0;kg;8;;;;0;"3rd is back off";"quad focused";56m
2025-06-11 12:48:01;"Lower 1";"Hack Squat";2;30;kg;8;;;;0;;;56m
2025-06-11 12:48:01;"Lower 1";"Hack Squat";3;30;kg;8;;;;0;;;56m
2025-06-11 12:48:01;"Lower 1";"Hack Squat";4;30;kg;8;;;;0;;;56m
2025-06-11 12:48:01;"Lower 1";"Lunge (Dumbbell)";1;24;kg;10;;;;0;"";;56m
2025-06-11 12:48:01;"Lower 1";"Lunge (Dumbbell)";2;24;kg;8;;;;0;;;56m
2025-06-11 12:48:01;"Lower 1";"Lunge (Dumbbell)";3;24;kg;4;;;;0;;;56m
2025-06-11 12:48:01;"Lower 1";"Leg Extension (Machine)";1;50;kg;10;;;;0;"";;56m
2025-06-11 12:48:01;"Lower 1";"Leg Extension (Machine)";2;43;kg;10;;;;0;;;56m
2025-06-11 12:48:01;"Lower 1";"Leg Extension (Machine)";3;43;kg;12;;;;0;;;56m
2025-06-11 12:48:01;"Lower 1";"Romanian Deadlift (Barbell)";1;20;kg;12;;;;0;"";;56m
2025-06-11 12:48:01;"Lower 1";"Romanian Deadlift (Barbell)";2;20;kg;12;;;;0;;;56m
2025-06-11 12:48:01;"Lower 1";"Romanian Deadlift (Barbell)";3;20;kg;12;;;;0;;;56m
2025-06-11 12:48:01;"Lower 1";"Calf Press on Leg Press";1;43;kg;10;;;;0;"";;56m
2025-06-11 12:48:01;"Lower 1";"Calf Press on Leg Press";2;43;kg;10;;;;0;;;56m
2025-06-11 12:48:01;"Lower 1";"Calf Press on Leg Press";3;57;kg;12;;;;0;;;56m
2025-06-11 12:48:01;"Lower 1";"Calf Press on Leg Press";4;57;kg;12;;;;0;;;56m
2025-06-12 10:09:19;"Upper 2";"Lat Pulldown (Cable)";1;15;kg;10;;;;0;"";"Back focused";1h 29m
2025-06-12 10:09:19;"Upper 2";"Lat Pulldown (Cable)";2;35;kg;12;;;;0;;;1h 29m
2025-06-12 10:09:19;"Upper 2";"Lat Pulldown (Cable)";3;40;kg;12;;;;0;;;1h 29m
2025-06-12 10:09:19;"Upper 2";"Lat Pulldown (Cable)";4;40;kg;12;;;;0;;;1h 29m
2025-06-12 10:09:19;"Upper 2";"Bent Over Row (Barbell)";1;40;kg;10;;;;0;"";;1h 29m
2025-06-12 10:09:19;"Upper 2";"Bent Over Row (Barbell)";2;40;kg;10;;;;0;;;1h 29m
2025-06-12 10:09:19;"Upper 2";"Bent Over Row (Barbell)";3;40;kg;10;;;;0;;;1h 29m
2025-06-12 10:09:19;"Upper 2";"Face Pull (Cable)";1;23;kg;10;;;;0;"";;1h 29m
2025-06-12 10:09:19;"Upper 2";"Face Pull (Cable)";2;36;kg;10;;;;0;;;1h 29m
2025-06-12 10:09:19;"Upper 2";"Face Pull (Cable)";3;36;kg;12;;;;0;;;1h 29m
2025-06-12 10:09:19;"Upper 2";"Seated Overhead Press (Dumbbell)";1;8;kg;10;;;;0;"";;1h 29m
2025-06-12 10:09:19;"Upper 2";"Seated Overhead Press (Dumbbell)";2;8;kg;12;;;;0;;;1h 29m
2025-06-12 10:09:19;"Upper 2";"Seated Overhead Press (Dumbbell)";3;8;kg;13;;;;0;;;1h 29m
2025-06-12 10:09:19;"Upper 2";"Bench Press (Barbell)";1;50;kg;8;;;;0;"Back off";;1h 29m
2025-06-12 10:09:19;"Upper 2";"Bench Press (Barbell)";2;50;kg;9;;;;0;;;1h 29m
2025-06-12 10:09:19;"Upper 2";"Bench Press (Barbell)";3;40;kg;8;;;;0;;;1h 29m
2025-06-12 10:09:19;"Upper 2";"Chest Fly (Dumbbell)";1;6;kg;12;;;;0;"";;1h 29m
2025-06-12 10:09:19;"Upper 2";"Chest Fly (Dumbbell)";2;6;kg;12;;;;0;;;1h 29m
2025-06-12 10:09:19;"Upper 2";"Chest Fly (Dumbbell)";3;6;kg;12;;;;0;;;1h 29m
2025-06-12 10:09:19;"Upper 2";"Preacher Curl (Barbell)";1;10;kg;12;;;;0;"";;1h 29m
2025-06-12 10:09:19;"Upper 2";"Preacher Curl (Barbell)";2;10;kg;9;;;;0;;;1h 29m
2025-06-12 10:09:19;"Upper 2";"Preacher Curl (Barbell)";3;10;kg;8;;;;0;;;1h 29m
2025-06-12 10:09:19;"Upper 2";"Hammer Curl (Dumbbell)";1;6;kg;12;;;;0;"";;1h 29m
2025-06-12 10:09:19;"Upper 2";"Hammer Curl (Dumbbell)";2;6;kg;12;;;;0;;;1h 29m
2025-06-12 10:09:19;"Upper 2";"Hammer Curl (Dumbbell)";3;6;kg;12;;;;0;;;1h 29m
2025-06-12 10:09:19;"Upper 2";"Triceps Pushdown (Cable - Straight Bar)";1;36;kg;12;;;;0;"";;1h 29m
2025-06-12 10:09:19;"Upper 2";"Triceps Pushdown (Cable - Straight Bar)";2;43;kg;10;;;;0;;;1h 29m
2025-06-12 10:09:19;"Upper 2";"Triceps Pushdown (Cable - Straight Bar)";3;36;kg;10;;;;0;;;1h 29m
2025-06-12 10:09:19;"Upper 2";"Skullcrusher (Barbell)";1;10;kg;11;;;;0;"";;1h 29m
2025-06-12 10:09:19;"Upper 2";"Skullcrusher (Barbell)";2;10;kg;10;;;;0;;;1h 29m
2025-06-12 10:09:19;"Upper 2";"Skullcrusher (Barbell)";3;10;kg;8;;;;0;;;1h 29m
2025-06-13 15:45:42;"Lower 2";"Lying Leg Curl (Machine)";1;14;kg;10;;;;0;"";"glute focused";1h 3m
2025-06-13 15:45:42;"Lower 2";"Lying Leg Curl (Machine)";2;30;kg;15;;;;0;;;1h 3m
2025-06-13 15:45:42;"Lower 2";"Lying Leg Curl (Machine)";3;30;kg;13;;;;0;;;1h 3m
2025-06-13 15:45:42;"Lower 2";"Lying Leg Curl (Machine)";4;30;kg;12;;;;0;;;1h 3m
2025-06-13 15:45:42;"Lower 2";"Hip Abductor (Machine)";1;48;kg;12;;;;0;"";;1h 3m
2025-06-13 15:45:42;"Lower 2";"Hip Abductor (Machine)";2;48;kg;8;;;;0;;;1h 3m
2025-06-13 15:45:42;"Lower 2";"Hip Abductor (Machine)";3;41;kg;12;;;;0;;;1h 3m
2025-06-13 15:45:42;"Lower 2";"Lunge (Dumbbell)";1;20;kg;8;;;;0;"";;1h 3m
2025-06-13 15:45:42;"Lower 2";"Lunge (Dumbbell)";2;20;kg;10;;;;0;;;1h 3m
2025-06-13 15:45:42;"Lower 2";"Lunge (Dumbbell)";3;16;kg;8;;;;0;;;1h 3m
2025-06-13 15:45:42;"Lower 2";"Seated Leg Press (Machine)";1;90;kg;12;;;;0;"";;1h 3m
2025-06-13 15:45:42;"Lower 2";"Seated Leg Press (Machine)";2;90;kg;12;;;;0;;;1h 3m
2025-06-13 15:45:42;"Lower 2";"Seated Leg Press (Machine)";3;90;kg;12;;;;0;;;1h 3m
2025-06-13 15:45:42;"Lower 2";"Calf Press on Leg Press";1;64;kg;10;;;;0;"";;1h 3m
2025-06-13 15:45:42;"Lower 2";"Calf Press on Leg Press";2;64;kg;10;;;;0;;;1h 3m
2025-06-13 15:45:42;"Lower 2";"Calf Press on Leg Press";3;64;kg;15;;;;0;;;1h 3m
2025-06-14 09:42:21;"Upper 3";"Preacher Curl (Barbell)";1;10;kg;11;;;;0;"";"shoulder and arm focused";51m
2025-06-14 09:42:21;"Upper 3";"Preacher Curl (Barbell)";2;10;kg;7;;;;0;;;51m
2025-06-14 09:42:21;"Upper 3";"Preacher Curl (Barbell)";3;10;kg;10;;;;0;;;51m
2025-06-14 09:42:21;"Upper 3";"Concentration Curl (Dumbbell)";1;6;kg;12;;;;0;"";;51m
2025-06-14 09:42:21;"Upper 3";"Concentration Curl (Dumbbell)";2;6;kg;12;;;;0;;;51m
2025-06-14 09:42:21;"Upper 3";"Concentration Curl (Dumbbell)";3;6;kg;12;;;;0;;;51m
2025-06-14 09:42:21;"Upper 3";"Seated Overhead Press (Dumbbell)";1;8;kg;15;;;;0;"Last is back off";;51m
2025-06-14 09:42:21;"Upper 3";"Seated Overhead Press (Dumbbell)";2;8;kg;10;;;;0;;;51m
2025-06-14 09:42:21;"Upper 3";"Seated Overhead Press (Dumbbell)";3;8;kg;8;;;;0;;;51m
2025-06-14 09:42:21;"Upper 3";"Chest Press (Machine)";1;50;kg;12;;;;0;"";;51m
2025-06-14 09:42:21;"Upper 3";"Chest Press (Machine)";2;50;kg;10;;;;0;;;51m
2025-06-14 09:42:21;"Upper 3";"Chest Press (Machine)";3;36;kg;10;;;;0;;;51m
2025-06-14 09:42:21;"Upper 3";"Seated Row (Cable)";1;14;kg;12;;;;0;"";;51m
2025-06-14 09:42:21;"Upper 3";"Seated Row (Cable)";2;43;kg;12;;;;0;;;51m
2025-06-14 09:42:21;"Upper 3";"Seated Row (Cable)";3;43;kg;12;;;;0;;;51m
2025-06-14 09:42:21;"Upper 3";"Seated Row (Cable)";4;43;kg;10;;;;0;;;51m
2025-06-14 09:42:21;"Upper 3";"Triceps Pushdown (Cable - Straight Bar)";1;30;kg;10;;;;0;"";;51m
2025-06-14 09:42:21;"Upper 3";"Triceps Pushdown (Cable - Straight Bar)";2;30;kg;10;;;;0;;;51m
2025-06-14 09:42:21;"Upper 3";"Triceps Pushdown (Cable - Straight Bar)";3;30;kg;10;;;;0;;;51m
2025-06-16 15:54:42;"Upper 1";"Bench Press (Barbell)";1;30;kg;10;;;;0;"3rd set is back off 60/85% ";"chest focuses";1h 14m
2025-06-16 15:54:42;"Upper 1";"Bench Press (Barbell)";2;55;kg;8;;;;0;;;1h 14m
2025-06-16 15:54:42;"Upper 1";"Bench Press (Barbell)";3;55;kg;8;;;;0;;;1h 14m
2025-06-16 15:54:42;"Upper 1";"Bench Press (Barbell)";4;40;kg;10;;;;0;;;1h 14m
2025-06-16 15:54:42;"Upper 1";"Chest Fly";1;36;kg;10;;;;0;"";;1h 14m
2025-06-16 15:54:42;"Upper 1";"Chest Fly";2;36;kg;8;;;;0;;;1h 14m
2025-06-16 15:54:42;"Upper 1";"Chest Fly";3;30;kg;8;;;;0;;;1h 14m
2025-06-16 15:54:42;"Upper 1";"Pull Up (Assisted)";1;43;kg;7;;;;0;"More support only did 7";;1h 14m
2025-06-16 15:54:42;"Upper 1";"Pull Up (Assisted)";2;64;kg;8;;;;0;;;1h 14m
2025-06-16 15:54:42;"Upper 1";"Pull Up (Assisted)";3;64;kg;12;;;;0;;;1h 14m
2025-06-16 15:54:42;"Upper 1";"Lat Pulldown (Cable)";1;35;kg;12;;;;0;"";;1h 14m
2025-06-16 15:54:42;"Upper 1";"Lat Pulldown (Cable)";2;45;kg;12;;;;0;;;1h 14m
2025-06-16 15:54:42;"Upper 1";"Lat Pulldown (Cable)";3;45;kg;8;;;;0;;;1h 14m
2025-06-16 15:54:42;"Upper 1";"Bicep Curl (Barbell)";1;10;kg;10;;;;0;"";;1h 14m
2025-06-16 15:54:42;"Upper 1";"Bicep Curl (Barbell)";2;10;kg;10;;;;0;;;1h 14m
2025-06-16 15:54:42;"Upper 1";"Bicep Curl (Barbell)";3;10;kg;10;;;;0;;;1h 14m
2025-06-16 15:54:42;"Upper 1";"Skullcrusher (Barbell)";1;15;kg;10;;;;0;"";;1h 14m
2025-06-16 15:54:42;"Upper 1";"Skullcrusher (Barbell)";2;15;kg;8;;;;0;;;1h 14m
2025-06-16 15:54:42;"Upper 1";"Skullcrusher (Barbell)";3;15;kg;8;;;;0;;;1h 14m
2025-06-16 15:54:42;"Upper 1";"Lateral Raise (Dumbbell)";1;8;kg;12;;;;0;"";;1h 14m
2025-06-16 15:54:42;"Upper 1";"Lateral Raise (Dumbbell)";2;8;kg;8;;;;0;;;1h 14m
2025-06-16 15:54:42;"Upper 1";"Lateral Raise (Dumbbell)";3;8;kg;8;;;;0;;;1h 14m
2025-06-17 10:27:39;"Lower 1";"Hack Squat";1;35;kg;8;;;;0;"3rd is back off";"quad focused";55m
2025-06-17 10:27:39;"Lower 1";"Hack Squat";2;35;kg;6;;;;0;;;55m
2025-06-17 10:27:39;"Lower 1";"Hack Squat";3;25;kg;8;;;;0;;;55m
2025-06-17 10:27:39;"Lower 1";"Hack Squat";4;0;kg;8;;;;0;;;55m
2025-06-17 10:27:39;"Lower 1";"Lying Leg Curl (Machine)";1;30;kg;14;;;;0;"";;55m
2025-06-17 10:27:39;"Lower 1";"Lying Leg Curl (Machine)";2;30;kg;8;;;;0;;;55m
2025-06-17 10:27:39;"Lower 1";"Leg Extension (Machine)";1;50;kg;10;;;;0;"";;55m
2025-06-17 10:27:39;"Lower 1";"Leg Extension (Machine)";2;43;kg;10;;;;0;;;55m
2025-06-17 10:27:39;"Lower 1";"Leg Extension (Machine)";3;43;kg;12;;;;0;;;55m
2025-06-17 10:27:39;"Lower 1";"Romanian Deadlift (Barbell)";1;20;kg;12;;;;0;"";;55m
2025-06-17 10:27:39;"Lower 1";"Romanian Deadlift (Barbell)";2;20;kg;10;;;;0;;;55m
2025-06-17 10:27:39;"Lower 1";"Romanian Deadlift (Barbell)";3;20;kg;14;;;;0;;;55m
2025-06-17 10:27:39;"Lower 1";"Calf Press on Leg Press";1;90;kg;10;;;;0;"";;55m
2025-06-17 10:27:39;"Lower 1";"Calf Press on Leg Press";2;70;kg;12;;;;0;;;55m
2025-06-17 10:27:39;"Lower 1";"Calf Press on Leg Press";3;70;kg;10;;;;0;;;55m
2025-06-20 11:42:18;"Upper 2";"Lat Pulldown (Cable)";1;35;kg;14;;;;0;"";"Back focused";49m
2025-06-20 11:42:18;"Upper 2";"Lat Pulldown (Cable)";2;45;kg;10;;;;0;;;49m
2025-06-20 11:42:18;"Upper 2";"Lat Pulldown (Cable)";3;45;kg;10;;;;0;;;49m
2025-06-20 11:42:18;"Upper 2";"Seated Row (Cable)";1;43;kg;10;;;;0;"";;49m
2025-06-20 11:42:18;"Upper 2";"Seated Row (Cable)";2;43;kg;13;;;;0;;;49m
2025-06-20 11:42:18;"Upper 2";"Seated Row (Cable)";3;43;kg;12;;;;0;;;49m
2025-06-20 11:42:18;"Upper 2";"Shoulder Press (Machine)";1;30;kg;12;;;;0;"";;49m
2025-06-20 11:42:18;"Upper 2";"Shoulder Press (Machine)";2;30;kg;10;;;;0;;;49m
2025-06-20 11:42:18;"Upper 2";"Shoulder Press (Machine)";3;30;kg;9;;;;0;;;49m
2025-06-20 11:42:18;"Upper 2";"Incline Bench Press (Barbell)";1;50;kg;6;;;;0;"Back off";;49m
2025-06-20 11:42:18;"Upper 2";"Incline Bench Press (Barbell)";2;50;kg;6;;;;0;;;49m
2025-06-20 11:42:18;"Upper 2";"Incline Bench Press (Barbell)";3;40;kg;8;;;;0;;;49m
2025-06-20 11:42:18;"Upper 2";"Incline Bench Press (Barbell)";4;30;kg;10;;;;0;;;49m
2025-06-20 11:42:18;"Upper 2";"Chest Fly";1;36;kg;12;;;;0;"";;49m
2025-06-20 11:42:18;"Upper 2";"Chest Fly";2;36;kg;8;;;;0;;;49m
2025-06-20 11:42:18;"Upper 2";"Chest Fly";3;30;kg;10;;;;0;;;49m
2025-06-20 11:42:18;"Upper 2";"Preacher Curl (Barbell)";1;15;kg;12;;;;0;"";;49m
2025-06-20 11:42:18;"Upper 2";"Preacher Curl (Barbell)";2;10;kg;12;;;;0;;;49m
2025-06-20 11:42:18;"Upper 2";"Preacher Curl (Barbell)";3;10;kg;10;;;;0;;;49m
2025-06-23 09:21:18;"Upper 1";"Chest Fly";1;36;kg;10;;;;0;"3rd set is back off 60/85% ";"chest focuses";54m
2025-06-23 09:21:18;"Upper 1";"Chest Fly";2;36;kg;9;;;;0;;;54m
2025-06-23 09:21:18;"Upper 1";"Chest Fly";3;36;kg;9;;;;0;;;54m
2025-06-23 09:21:18;"Upper 1";"Incline Bench Press (Barbell)";1;60;kg;6;;;;0;"";;54m
2025-06-23 09:21:18;"Upper 1";"Incline Bench Press (Barbell)";2;55;kg;8;;;;0;;;54m
2025-06-23 09:21:18;"Upper 1";"Incline Bench Press (Barbell)";3;50;kg;8;;;;0;;;54m
2025-06-23 09:21:18;"Upper 1";"Incline Bench Press (Barbell)";4;30;kg;10;;;;0;;;54m
2025-06-23 09:21:18;"Upper 1";"Pull Up (Assisted)";1;50;kg;10;;;;0;"";;54m
2025-06-23 09:21:18;"Upper 1";"Pull Up (Assisted)";2;50;kg;10;;;;0;;;54m
2025-06-23 09:21:18;"Upper 1";"Pull Up (Assisted)";3;50;kg;9;;;;0;;;54m
2025-06-23 09:21:18;"Upper 1";"Seated Row (Cable)";1;43;kg;10;;;;0;"";;54m
2025-06-23 09:21:18;"Upper 1";"Seated Row (Cable)";2;43;kg;10;;;;0;;;54m
2025-06-23 09:21:18;"Upper 1";"Seated Row (Cable)";3;43;kg;10;;;;0;;;54m
2025-06-23 09:21:18;"Upper 1";"Preacher Curl (Barbell)";1;15;kg;10;;;;0;"";;54m
2025-06-23 09:21:18;"Upper 1";"Preacher Curl (Barbell)";2;15;kg;10;;;;0;;;54m
2025-06-23 09:21:18;"Upper 1";"Preacher Curl (Barbell)";3;15;kg;9;;;;0;;;54m
2025-06-23 09:21:18;"Upper 1";"Lateral Raise (Dumbbell)";1;6;kg;10;;;;0;"";;54m
2025-06-23 09:21:18;"Upper 1";"Lateral Raise (Dumbbell)";2;6;kg;10;;;;0;;;54m
2025-06-23 09:21:18;"Upper 1";"Lateral Raise (Dumbbell)";3;6;kg;10;;;;0;;;54m
2025-06-24 09:39:37;"Lower 1";"Hack Squat";1;35;kg;8;;;;0;"3rd is back off";"quad focused";1h 8m
2025-06-24 09:39:37;"Lower 1";"Hack Squat";2;30;kg;6;;;;0;;;1h 8m
2025-06-24 09:39:37;"Lower 1";"Hack Squat";3;20;kg;8;;;;0;;;1h 8m
2025-06-24 09:39:37;"Lower 1";"Hack Squat";4;10;kg;8;;;;0;;;1h 8m
2025-06-24 09:39:37;"Lower 1";"Lying Leg Curl (Machine)";1;43;kg;10;;;;0;"";;1h 8m
2025-06-24 09:39:37;"Lower 1";"Lying Leg Curl (Machine)";2;43;kg;8;;;;0;;;1h 8m
2025-06-24 09:39:37;"Lower 1";"Lying Leg Curl (Machine)";3;36;kg;8;;;;0;;;1h 8m
2025-06-24 09:39:37;"Lower 1";"Leg Extension (Machine)";1;43;kg;10;;;;0;"";;1h 8m
2025-06-24 09:39:37;"Lower 1";"Leg Extension (Machine)";2;43;kg;12;;;;0;;;1h 8m
2025-06-24 09:39:37;"Lower 1";"Leg Extension (Machine)";3;43;kg;15;;;;0;;;1h 8m
2025-06-24 09:39:37;"Lower 1";"Romanian Deadlift (Barbell)";1;25;kg;10;;;;0;"";;1h 8m
2025-06-24 09:39:37;"Lower 1";"Romanian Deadlift (Barbell)";2;25;kg;12;;;;0;;;1h 8m
2025-06-24 09:39:37;"Lower 1";"Romanian Deadlift (Barbell)";3;25;kg;14;;;;0;;;1h 8m
2025-06-24 09:39:37;"Lower 1";"Calf Press on Leg Press";1;70;kg;12;;;;0;"";;1h 8m
2025-06-24 09:39:37;"Lower 1";"Calf Press on Leg Press";2;70;kg;10;;;;0;;;1h 8m
2025-06-24 09:39:37;"Lower 1";"Calf Press on Leg Press";3;70;kg;10;;;;0;;;1h 8m
2025-06-24 09:39:37;"Lower 1";"Calf Press on Leg Press";4;70;kg;10;;;;0;;;1h 8m
2025-06-24 09:39:37;"Lower 1";"Crunch (Machine)";1;50;kg;12;;;;0;"";;1h 8m
2025-06-24 09:39:37;"Lower 1";"Crunch (Machine)";2;50;kg;20;;;;0;;;1h 8m
2025-06-24 09:39:37;"Lower 1";"Crunch (Machine)";3;64;kg;12;;;;0;;;1h 8m
2025-06-25 15:59:47;"Upper 2";"Lat Pulldown (Cable)";1;45;kg;15;;;;0;"";"Back focused";1h 7m
2025-06-25 15:59:47;"Upper 2";"Lat Pulldown (Cable)";2;45;kg;12;;;;0;;;1h 7m
2025-06-25 15:59:47;"Upper 2";"Lat Pulldown (Cable)";3;45;kg;10;;;;0;;;1h 7m
2025-06-25 15:59:47;"Upper 2";"vertical row";1;50;kg;20;;;;0;"";;1h 7m
2025-06-25 15:59:47;"Upper 2";"vertical row";2;50;kg;11;;;;0;;;1h 7m
2025-06-25 15:59:47;"Upper 2";"vertical row";3;50;kg;12;;;;0;;;1h 7m
2025-06-25 15:59:47;"Upper 2";"Face Pull (Cable)";1;30;kg;15;;;;0;"";;1h 7m
2025-06-25 15:59:47;"Upper 2";"Face Pull (Cable)";2;36;kg;15;;;;0;;;1h 7m
2025-06-25 15:59:47;"Upper 2";"Face Pull (Cable)";3;36;kg;113;;;;0;;;1h 7m
2025-06-25 15:59:47;"Upper 2";"Shoulder Press (Machine)";1;43;kg;10;;;;0;"";;1h 7m
2025-06-25 15:59:47;"Upper 2";"Shoulder Press (Machine)";2;43;kg;5;;;;0;;;1h 7m
2025-06-25 15:59:47;"Upper 2";"Shoulder Press (Machine)";3;30;kg;7;;;;0;;;1h 7m
2025-06-25 15:59:47;"Upper 2";"Incline Bench Press (Barbell)";1;60;kg;8;;;;0;"Back off";;1h 7m
2025-06-25 15:59:47;"Upper 2";"Incline Bench Press (Barbell)";2;60;kg;5;;;;0;;;1h 7m
2025-06-25 15:59:47;"Upper 2";"Incline Bench Press (Barbell)";3;40;kg;10;;;;0;;;1h 7m
2025-06-25 15:59:47;"Upper 2";"Incline Bench Press (Barbell)";4;30;kg;10;;;;0;;;1h 7m
2025-06-25 15:59:47;"Upper 2";"Chest Fly";1;36;kg;12;;;;0;"";;1h 7m
2025-06-25 15:59:47;"Upper 2";"Chest Fly";2;36;kg;12;;;;0;;;1h 7m
2025-06-25 15:59:47;"Upper 2";"Chest Fly";3;36;kg;10;;;;0;;;1h 7m
2025-06-25 15:59:47;"Upper 2";"Preacher Curl (Barbell)";1;15;kg;8;;;;0;"";;1h 7m
2025-06-25 15:59:47;"Upper 2";"Preacher Curl (Barbell)";2;10;kg;6;;;;0;;;1h 7m
2025-06-25 15:59:47;"Upper 2";"Preacher Curl (Barbell)";3;10;kg;6;;;;0;;;1h 7m
2025-06-25 15:59:47;"Upper 2";"Triceps Pushdown (Cable - Straight Bar)";1;30;kg;12;;;;0;"";;1h 7m
2025-06-25 15:59:47;"Upper 2";"Triceps Pushdown (Cable - Straight Bar)";2;30;kg;10;;;;0;;;1h 7m
2025-06-25 15:59:47;"Upper 2";"Triceps Pushdown (Cable - Straight Bar)";3;30;kg;11;;;;0;;;1h 7m
2025-06-27 15:38:12;"Lower 2";"Lying Leg Curl (Machine)";1;50;kg;7;;;;0;"";"glute focused";43m
2025-06-27 15:38:12;"Lower 2";"Lying Leg Curl (Machine)";2;43;kg;10;;;;0;;;43m
2025-06-27 15:38:12;"Lower 2";"Lying Leg Curl (Machine)";3;43;kg;8;;;;0;;;43m
2025-06-27 15:38:12;"Lower 2";"Hip Abductor (Machine)";1;30;kg;10;;;;0;"";;43m
2025-06-27 15:38:12;"Lower 2";"Hip Abductor (Machine)";2;34;kg;12;;;;0;;;43m
2025-06-27 15:38:12;"Lower 2";"Hip Abductor (Machine)";3;34;kg;12;;;;0;;;43m
2025-06-27 15:38:12;"Lower 2";"Leg Press";1;80;kg;10;;;;0;"";;43m
2025-06-27 15:38:12;"Lower 2";"Leg Press";2;100;kg;10;;;;0;;;43m
2025-06-27 15:38:12;"Lower 2";"Leg Press";3;100;kg;12;;;;0;;;43m
2025-06-27 15:38:12;"Lower 2";"Leg Press";4;20;kg;12;;;;0;;;43m
2025-06-27 15:38:12;"Lower 2";"Calf Press on Leg Press";1;70;kg;10;;;;0;"";;43m
2025-06-27 15:38:12;"Lower 2";"Calf Press on Leg Press";2;70;kg;12;;;;0;;;43m
2025-06-27 15:38:12;"Lower 2";"Calf Press on Leg Press";3;70;kg;12;;;;0;;;43m
2025-06-30 09:41:37;"Upper 1";"Bench Press (Barbell)";1;60;kg;10;;;;0;"3rd set is back off 60/85% ";"chest focuses";1h 20m
2025-06-30 09:41:37;"Upper 1";"Bench Press (Barbell)";2;60;kg;8;;;;0;;;1h 20m
2025-06-30 09:41:37;"Upper 1";"Bench Press (Barbell)";3;60;kg;8;;;;0;;;1h 20m
2025-06-30 09:41:37;"Upper 1";"Bench Press (Barbell)";4;40;kg;10;;;;0;;;1h 20m
2025-06-30 09:41:37;"Upper 1";"Pec Deck (Machine)";1;36;kg;12;;;;0;"";;1h 20m
2025-06-30 09:41:37;"Upper 1";"Pec Deck (Machine)";2;36;kg;12;;;;0;;;1h 20m
2025-06-30 09:41:37;"Upper 1";"Pec Deck (Machine)";3;36;kg;10;;;;0;;;1h 20m
2025-06-30 09:41:37;"Upper 1";"Pull Up (Assisted)";1;50;kg;12;;;;0;"";;1h 20m
2025-06-30 09:41:37;"Upper 1";"Pull Up (Assisted)";2;50;kg;10;;;;0;;;1h 20m
2025-06-30 09:41:37;"Upper 1";"Pull Up (Assisted)";3;50;kg;9;;;;0;;;1h 20m
2025-06-30 09:41:37;"Upper 1";"vertical row";1;50;kg;12;;;;0;"";;1h 20m
2025-06-30 09:41:37;"Upper 1";"vertical row";2;50;kg;11;;;;0;;;1h 20m
2025-06-30 09:41:37;"Upper 1";"vertical row";3;50;kg;13;;;;0;;;1h 20m
2025-06-30 09:41:37;"Upper 1";"Bicep Curl (Barbell)";1;10;kg;15;;;;0;"";;1h 20m
2025-06-30 09:41:37;"Upper 1";"Bicep Curl (Barbell)";2;10;kg;10;;;;0;;;1h 20m
2025-06-30 09:41:37;"Upper 1";"Bicep Curl (Barbell)";3;10;kg;10;;;;0;;;1h 20m
2025-06-30 09:41:37;"Upper 1";"Hammer Curl (Dumbbell)";1;8;kg;10;;;;0;"";;1h 20m
2025-06-30 09:41:37;"Upper 1";"Hammer Curl (Dumbbell)";2;8;kg;10;;;;0;;;1h 20m
2025-06-30 09:41:37;"Upper 1";"Hammer Curl (Dumbbell)";3;8;kg;10;;;;0;;;1h 20m
2025-06-30 09:41:37;"Upper 1";"Skullcrusher (Barbell)";1;20;kg;9;;;;0;"";;1h 20m
2025-06-30 09:41:37;"Upper 1";"Skullcrusher (Barbell)";2;20;kg;7;;;;0;;;1h 20m
2025-06-30 09:41:37;"Upper 1";"Skullcrusher (Barbell)";3;10;kg;12;;;;0;;;1h 20m
2025-06-30 09:41:37;"Upper 1";"Shoulder Press (Machine)";1;43;kg;8;;;;0;"";;1h 20m
2025-06-30 09:41:37;"Upper 1";"Shoulder Press (Machine)";2;43;kg;5;;;;0;;;1h 20m
2025-06-30 09:41:37;"Upper 1";"Shoulder Press (Machine)";3;43;kg;6;;;;0;;;1h 20m
2025-07-01 09:37:43;"Lower 1";"Hack Squat";1;30;kg;9;;;;0;"3rd is back off";"quad focused";1h 2m
2025-07-01 09:37:43;"Lower 1";"Hack Squat";2;30;kg;9;;;;0;;;1h 2m
2025-07-01 09:37:43;"Lower 1";"Hack Squat";3;20;kg;5;;;;0;;;1h 2m
2025-07-01 09:37:43;"Lower 1";"Lying Leg Curl (Machine)";1;43;kg;9;;;;0;"";;1h 2m
2025-07-01 09:37:43;"Lower 1";"Lying Leg Curl (Machine)";2;36;kg;10;;;;0;;;1h 2m
2025-07-01 09:37:43;"Lower 1";"Lying Leg Curl (Machine)";3;36;kg;10;;;;0;;;1h 2m
2025-07-01 09:37:43;"Lower 1";"Lying Leg Curl (Machine)";4;30;kg;10;;;;0;;;1h 2m
2025-07-01 09:37:43;"Lower 1";"Leg Extension (Machine)";1;43;kg;13;;;;0;"";;1h 2m
2025-07-01 09:37:43;"Lower 1";"Leg Extension (Machine)";2;43;kg;11;;;;0;;;1h 2m
2025-07-01 09:37:43;"Lower 1";"Leg Extension (Machine)";3;43;kg;12;;;;0;;;1h 2m
2025-07-01 09:37:43;"Lower 1";"Romanian Deadlift (Barbell)";1;30;kg;12;;;;0;"";;1h 2m
2025-07-01 09:37:43;"Lower 1";"Romanian Deadlift (Barbell)";2;30;kg;12;;;;0;;;1h 2m
2025-07-01 09:37:43;"Lower 1";"Romanian Deadlift (Barbell)";3;30;kg;10;;;;0;;;1h 2m
2025-07-01 09:37:43;"Lower 1";"Calf Press on Leg Press";1;77;kg;12;;;;0;"";;1h 2m
2025-07-01 09:37:43;"Lower 1";"Calf Press on Leg Press";2;77;kg;12;;;;0;;;1h 2m
2025-07-01 09:37:43;"Lower 1";"Calf Press on Leg Press";3;77;kg;13;;;;0;;;1h 2m
2025-07-01 09:37:43;"Lower 1";"Crunch (Machine)";1;57;kg;15;;;;0;"";;1h 2m
2025-07-01 09:37:43;"Lower 1";"Crunch (Machine)";2;57;kg;15;;;;0;;;1h 2m
2025-07-01 09:37:43;"Lower 1";"Crunch (Machine)";3;57;kg;13;;;;0;;;1h 2m
2025-07-03 16:53:26;"Upper 2";"Lat Pulldown (Cable)";1;50;kg;12;;;;0;"";"Back focused";1h 9m
2025-07-03 16:53:26;"Upper 2";"Lat Pulldown (Cable)";2;50;kg;12;;;;0;;;1h 9m
2025-07-03 16:53:26;"Upper 2";"Lat Pulldown (Cable)";3;50;kg;11;;;;0;;;1h 9m
2025-07-03 16:53:26;"Upper 2";"Lat Pulldown (Cable)";4;20;kg;10;;;;0;;;1h 9m
2025-07-03 16:53:26;"Upper 2";"Seated Row (Cable)";1;43;kg;15;;;;0;"";;1h 9m
2025-07-03 16:53:26;"Upper 2";"Seated Row (Cable)";2;43;kg;16;;;;0;;;1h 9m
2025-07-03 16:53:26;"Upper 2";"Seated Row (Cable)";3;43;kg;12;;;;0;;;1h 9m
2025-07-03 16:53:26;"Upper 2";"Face Pull (Cable)";1;30;kg;20;;;;0;"";;1h 9m
2025-07-03 16:53:26;"Upper 2";"Face Pull (Cable)";2;43;kg;10;;;;0;;;1h 9m
2025-07-03 16:53:26;"Upper 2";"Face Pull (Cable)";3;36;kg;10;;;;0;;;1h 9m
2025-07-03 16:53:26;"Upper 2";"Shoulder Press (Machine)";1;43;kg;12;;;;0;"";;1h 9m
2025-07-03 16:53:26;"Upper 2";"Shoulder Press (Machine)";2;43;kg;8;9;;;0;;;1h 9m
2025-07-03 16:53:26;"Upper 2";"Shoulder Press (Machine)";3;43;kg;6;;;;0;;;1h 9m
2025-07-03 16:53:26;"Upper 2";"Pec Deck (Machine)";1;43;kg;12;;;;0;"";;1h 9m
2025-07-03 16:53:26;"Upper 2";"Pec Deck (Machine)";2;43;kg;8;;;;0;;;1h 9m
2025-07-03 16:53:26;"Upper 2";"Pec Deck (Machine)";3;36;kg;9;;;;0;;;1h 9m
2025-07-03 16:53:26;"Upper 2";"Preacher Curl (Barbell)";1;15;kg;13;;;;0;"";;1h 9m
2025-07-03 16:53:26;"Upper 2";"Preacher Curl (Barbell)";2;15;kg;8;;;;0;;;1h 9m
2025-07-03 16:53:26;"Upper 2";"Preacher Curl (Barbell)";3;15;kg;7;;;;0;;;1h 9m
2025-07-03 16:53:26;"Upper 2";"Triceps Pushdown (Cable - Straight Bar)";1;36;kg;17;;;;0;"";;1h 9m
2025-07-03 16:53:26;"Upper 2";"Triceps Pushdown (Cable - Straight Bar)";2;36;kg;10;;;;0;;;1h 9m
2025-07-03 16:53:26;"Upper 2";"Triceps Pushdown (Cable - Straight Bar)";3;36;kg;10;;;;0;;;1h 9m
2025-07-03 16:53:26;"Upper 2";"Skullcrusher (Barbell)";1;20;kg;8;;;;0;"";;1h 9m
2025-07-03 16:53:26;"Upper 2";"Skullcrusher (Barbell)";2;20;kg;5;;;;0;;;1h 9m
2025-07-03 16:53:26;"Upper 2";"Skullcrusher (Barbell)";3;20;kg;5;;;;0;;;1h 9m
2025-07-04 15:31:10;"Lower 2";"Lying Leg Curl (Machine)";1;36;kg;10;;;;0;"";"glute focused";52m
2025-07-04 15:31:10;"Lower 2";"Lying Leg Curl (Machine)";2;36;kg;10;;;;0;;;52m
2025-07-04 15:31:10;"Lower 2";"Lying Leg Curl (Machine)";3;36;kg;10;;;;0;;;52m
2025-07-04 15:31:10;"Lower 2";"Lying Leg Curl (Machine)";4;20;kg;10;;;;0;;;52m
2025-07-04 15:31:10;"Lower 2";"Hip Abductor (Machine)";1;34;kg;12;;;;0;"";;52m
2025-07-04 15:31:10;"Lower 2";"Hip Abductor (Machine)";2;34;kg;15;;;;0;;;52m
2025-07-04 15:31:10;"Lower 2";"Hip Abductor (Machine)";3;34;kg;13;;;;0;;;52m
2025-07-04 15:31:10;"Lower 2";"Leg Extension (Machine)";1;43;kg;13;;;;0;"";;52m
2025-07-04 15:31:10;"Lower 2";"Leg Extension (Machine)";2;43;kg;13;;;;0;;;52m
2025-07-04 15:31:10;"Lower 2";"Leg Extension (Machine)";3;43;kg;13;;;;0;;;52m
2025-07-04 15:31:10;"Lower 2";"Leg Press";1;110;kg;12;;;;0;"";;52m
2025-07-04 15:31:10;"Lower 2";"Leg Press";2;110;kg;10;;;;0;;;52m
2025-07-04 15:31:10;"Lower 2";"Leg Press";3;110;kg;10;;;;0;;;52m
2025-07-04 15:31:10;"Lower 2";"Calf Press on Leg Press";1;77;kg;12;;;;0;"";;52m
2025-07-04 15:31:10;"Lower 2";"Calf Press on Leg Press";2;77;kg;12;;;;0;;;52m
2025-07-04 15:31:10;"Lower 2";"Calf Press on Leg Press";3;77;kg;12;;;;0;;;52m
2025-07-07 09:57:50;"Upper 1";"Incline Bench Press (Barbell)";1;60;kg;6;;;;0;"";"chest focuses";1h 25m
2025-07-07 09:57:50;"Upper 1";"Incline Bench Press (Barbell)";2;60;kg;7;;;;0;;;1h 25m
2025-07-07 09:57:50;"Upper 1";"Incline Bench Press (Barbell)";3;50;kg;8;;;;0;;;1h 25m
2025-07-07 09:57:50;"Upper 1";"Pec Deck (Machine)";1;43;kg;8;;;;0;"";;1h 25m
2025-07-07 09:57:50;"Upper 1";"Pec Deck (Machine)";2;36;kg;8;;;;0;;;1h 25m
2025-07-07 09:57:50;"Upper 1";"Pec Deck (Machine)";3;36;kg;10;;;;0;;;1h 25m
2025-07-07 09:57:50;"Upper 1";"Pull Up (Assisted)";1;50;kg;10;;;;0;"";;1h 25m
2025-07-07 09:57:50;"Upper 1";"Pull Up (Assisted)";2;50;kg;10;;;;0;;;1h 25m
2025-07-07 09:57:50;"Upper 1";"Pull Up (Assisted)";3;50;kg;6;;;;0;;;1h 25m
2025-07-07 09:57:50;"Upper 1";"Pull Up (Assisted)";4;50;kg;5;;;;0;;;1h 25m
2025-07-07 09:57:50;"Upper 1";"vertical row";1;57;kg;17;;;;0;"";;1h 25m
2025-07-07 09:57:50;"Upper 1";"vertical row";2;57;kg;12;;;;0;;;1h 25m
2025-07-07 09:57:50;"Upper 1";"vertical row";3;57;kg;10;;;;0;;;1h 25m
2025-07-07 09:57:50;"Upper 1";"Preacher Curl (Barbell)";1;15;kg;14;;;;0;"";;1h 25m
2025-07-07 09:57:50;"Upper 1";"Preacher Curl (Barbell)";2;15;kg;10;;;;0;;;1h 25m
2025-07-07 09:57:50;"Upper 1";"Preacher Curl (Barbell)";3;15;kg;9;;;;0;;;1h 25m
2025-07-07 09:57:50;"Upper 1";"Hammer Curl (Dumbbell)";1;8;kg;10;;;;0;"";;1h 25m
2025-07-07 09:57:50;"Upper 1";"Hammer Curl (Dumbbell)";2;8;kg;10;;;;0;;;1h 25m
2025-07-07 09:57:50;"Upper 1";"Hammer Curl (Dumbbell)";3;8;kg;10;;;;0;;;1h 25m
2025-07-07 09:57:50;"Upper 1";"Skullcrusher (Barbell)";1;20;kg;10;;;;0;"";;1h 25m
2025-07-07 09:57:50;"Upper 1";"Skullcrusher (Barbell)";2;20;kg;6;;;;0;;;1h 25m
2025-07-07 09:57:50;"Upper 1";"Skullcrusher (Barbell)";3;20;kg;5;;;;0;;;1h 25m
2025-07-07 09:57:50;"Upper 1";"Shoulder Press (Machine)";1;43;kg;12;;;;0;"";;1h 25m
2025-07-07 09:57:50;"Upper 1";"Shoulder Press (Machine)";2;43;kg;7;10;;;0;;;1h 25m
2025-07-07 09:57:50;"Upper 1";"Shoulder Press (Machine)";3;43;kg;7;;;;0;;;1h 25m
2025-07-07 09:57:50;"Upper 1";"Shoulder Press (Machine)";4;14;kg;8;;;;0;;;1h 25m
2025-07-07 09:57:50;"Upper 1";"Shoulder Press (Machine)";5;23;kg;10;;;;0;;;1h 25m
2025-07-08 10:24:50;"Lower 1";"Hack Squat";1;30;kg;10;;;;0;"3rd is back off";"quad focused";1h 10m
2025-07-08 10:24:50;"Lower 1";"Hack Squat";2;30;kg;6;;;;0;;;1h 10m
2025-07-08 10:24:50;"Lower 1";"Hack Squat";3;20;kg;10;;;;0;;;1h 10m
2025-07-08 10:24:50;"Lower 1";"Lying Leg Curl (Machine)";1;43;kg;12;;;;0;"";;1h 10m
2025-07-08 10:24:50;"Lower 1";"Lying Leg Curl (Machine)";2;43;kg;11;;;;0;;;1h 10m
2025-07-08 10:24:50;"Lower 1";"Lying Leg Curl (Machine)";3;43;kg;10;;;;0;;;1h 10m
2025-07-08 10:24:50;"Lower 1";"Lying Leg Curl (Machine)";4;14;kg;10;;;;0;;;1h 10m
2025-07-08 10:24:50;"Lower 1";"Leg Extension (Machine)";1;50;kg;13;;;;0;"";;1h 10m
2025-07-08 10:24:50;"Lower 1";"Leg Extension (Machine)";2;50;kg;13;;;;0;;;1h 10m
2025-07-08 10:24:50;"Lower 1";"Leg Extension (Machine)";3;50;kg;12;;;;0;;;1h 10m
2025-07-08 10:24:50;"Lower 1";"Hip Adductor (Machine)";1;41;kg;12;;;;0;"";;1h 10m
2025-07-08 10:24:50;"Lower 1";"Hip Adductor (Machine)";2;41;kg;12;;;;0;;;1h 10m
2025-07-08 10:24:50;"Lower 1";"Hip Adductor (Machine)";3;41;kg;12;;;;0;;;1h 10m
2025-07-08 10:24:50;"Lower 1";"Calf Press on Leg Press";1;84;kg;12;;;;0;"";;1h 10m
2025-07-08 10:24:50;"Lower 1";"Calf Press on Leg Press";2;84;kg;10;;;;0;;;1h 10m
2025-07-08 10:24:50;"Lower 1";"Calf Press on Leg Press";3;84;kg;12;;;;0;;;1h 10m
2025-07-08 10:24:50;"Lower 1";"Crunch (Machine)";1;64;kg;14;;;;0;"";;1h 10m
2025-07-08 10:24:50;"Lower 1";"Crunch (Machine)";2;64;kg;11;;;;0;;;1h 10m
2025-07-08 10:24:50;"Lower 1";"Crunch (Machine)";3;64;kg;10;;;;0;;;1h 10m
2025-07-10 16:05:44;"Upper 2";"Lat Pulldown (Cable)";1;57;kg;10;;;;0;"";"Back focused";1h 16m
2025-07-10 16:05:44;"Upper 2";"Lat Pulldown (Cable)";2;57;kg;10;;;;0;;;1h 16m
2025-07-10 16:05:44;"Upper 2";"Lat Pulldown (Cable)";3;57;kg;9;;;;0;;;1h 16m
2025-07-10 16:05:44;"Upper 2";"Seated Row (Cable)";1;50;kg;11;;;;0;"";;1h 16m
2025-07-10 16:05:44;"Upper 2";"Seated Row (Cable)";2;50;kg;11;;;;0;;;1h 16m
2025-07-10 16:05:44;"Upper 2";"Seated Row (Cable)";3;50;kg;13;;;;0;;;1h 16m
2025-07-10 16:05:44;"Upper 2";"Face Pull (Cable)";1;43;kg;14;;;;0;"";;1h 16m
2025-07-10 16:05:44;"Upper 2";"Face Pull (Cable)";2;43;kg;11;;;;0;;;1h 16m
2025-07-10 16:05:44;"Upper 2";"Face Pull (Cable)";3;43;kg;10;;;;0;;;1h 16m
2025-07-10 16:05:44;"Upper 2";"Shoulder Press (Machine)";1;43;kg;10;;;;0;"";;1h 16m
2025-07-10 16:05:44;"Upper 2";"Shoulder Press (Machine)";2;43;kg;7;;;;0;;;1h 16m
2025-07-10 16:05:44;"Upper 2";"Shoulder Press (Machine)";3;36;kg;8;;;;0;;;1h 16m
2025-07-10 16:05:44;"Upper 2";"Bench Press (Barbell)";1;65;kg;9;;;;0;"Back off";;1h 16m
2025-07-10 16:05:44;"Upper 2";"Bench Press (Barbell)";2;65;kg;8;;;;0;;;1h 16m
2025-07-10 16:05:44;"Upper 2";"Bench Press (Barbell)";3;50;kg;10;;;;0;;;1h 16m
2025-07-10 16:05:44;"Upper 2";"Bench Press (Barbell)";4;20;kg;10;;;;0;;;1h 16m
2025-07-10 16:05:44;"Upper 2";"Pec Deck (Machine)";1;43;kg;9;;;;0;"";;1h 16m
2025-07-10 16:05:44;"Upper 2";"Pec Deck (Machine)";2;43;kg;8;;;;0;;;1h 16m
2025-07-10 16:05:44;"Upper 2";"Pec Deck (Machine)";3;43;kg;6;;;;0;;;1h 16m
2025-07-10 16:05:44;"Upper 2";"Preacher Curl (Barbell)";1;17.5;kg;8;;;;0;"";;1h 16m
2025-07-10 16:05:44;"Upper 2";"Preacher Curl (Barbell)";2;15;kg;8;;;;0;;;1h 16m
2025-07-10 16:05:44;"Upper 2";"Preacher Curl (Barbell)";3;15;kg;4;;;;0;;;1h 16m
2025-07-10 16:05:44;"Upper 2";"Preacher Curl (Barbell)";4;15;kg;5;;;;0;;;1h 16m
2025-07-10 16:05:44;"Upper 2";"Hammer Curl (Dumbbell)";1;8;kg;10;;;;0;"";;1h 16m
2025-07-10 16:05:44;"Upper 2";"Hammer Curl (Dumbbell)";2;8;kg;11;;;;0;;;1h 16m
2025-07-10 16:05:44;"Upper 2";"Hammer Curl (Dumbbell)";3;8;kg;11;;;;0;;;1h 16m
2025-07-11 15:40:42;"Lower 2";"Lying Leg Curl (Machine)";1;43;kg;12;;;;0;"";"glute focused";1h 9m
2025-07-11 15:40:42;"Lower 2";"Lying Leg Curl (Machine)";2;43;kg;10;;;;0;;;1h 9m
2025-07-11 15:40:42;"Lower 2";"Lying Leg Curl (Machine)";3;36;kg;11;;;;0;;;1h 9m
2025-07-11 15:40:42;"Lower 2";"Lying Leg Curl (Machine)";4;14;kg;10;;;;0;;;1h 9m
2025-07-11 15:40:42;"Lower 2";"Hip Adductor (Machine)";1;48;kg;12;;;;0;"";;1h 9m
2025-07-11 15:40:42;"Lower 2";"Hip Adductor (Machine)";2;48;kg;12;;;;0;;;1h 9m
2025-07-11 15:40:42;"Lower 2";"Hip Adductor (Machine)";3;48;kg;10;;;;0;;;1h 9m
2025-07-11 15:40:42;"Lower 2";"Romanian Deadlift (Barbell)";1;40;kg;12;;;;0;"";;1h 9m
2025-07-11 15:40:42;"Lower 2";"Romanian Deadlift (Barbell)";2;40;kg;12;;;;0;;;1h 9m
2025-07-11 15:40:42;"Lower 2";"Romanian Deadlift (Barbell)";3;40;kg;12;;;;0;;;1h 9m
2025-07-11 15:40:42;"Lower 2";"Leg Press";1;120;kg;10;;;;0;"Second set stopped at 6 reps";;1h 9m
2025-07-11 15:40:42;"Lower 2";"Leg Press";2;120;kg;10;;;;0;;;1h 9m
2025-07-11 15:40:42;"Lower 2";"Leg Press";3;100;kg;10;;;;0;;;1h 9m
2025-07-11 15:40:42;"Lower 2";"Calf Press on Leg Press";1;84;kg;10;;;;0;"";;1h 9m
2025-07-11 15:40:42;"Lower 2";"Calf Press on Leg Press";2;84;kg;10;;;;0;;;1h 9m
2025-07-11 15:40:42;"Lower 2";"Calf Press on Leg Press";3;84;kg;10;;;;0;;;1h 9m
2025-07-11 15:40:42;"Lower 2";"Crunch (Machine)";1;70;kg;12;;;;0;"";;1h 9m
2025-07-11 15:40:42;"Lower 2";"Crunch (Machine)";2;70;kg;10;;;;0;;;1h 9m
2025-07-11 15:40:42;"Lower 2";"Crunch (Machine)";3;70;kg;10;;;;0;;;1h 9m
2025-07-14 11:26:37;"Upper 1";"Incline Bench Press (Barbell)";1;60;kg;8;;;;0;"";"chest focuses";1h 11m
2025-07-14 11:26:37;"Upper 1";"Incline Bench Press (Barbell)";2;60;kg;8;;;;0;;;1h 11m
2025-07-14 11:26:37;"Upper 1";"Incline Bench Press (Barbell)";3;60;kg;6;;;;0;;;1h 11m
2025-07-14 11:26:37;"Upper 1";"Incline Bench Press (Barbell)";4;50;kg;10;;;;0;;;1h 11m
2025-07-14 11:26:37;"Upper 1";"Pec Deck (Machine)";1;43;kg;12;;;;0;"";;1h 11m
2025-07-14 11:26:37;"Upper 1";"Pec Deck (Machine)";2;43;kg;10;;;;0;;;1h 11m
2025-07-14 11:26:37;"Upper 1";"Pec Deck (Machine)";3;43;kg;10;;;;0;;;1h 11m
2025-07-14 11:26:37;"Upper 1";"Pull Up (Assisted)";1;50;kg;12;;;;0;"";;1h 11m
2025-07-14 11:26:37;"Upper 1";"Pull Up (Assisted)";2;43;kg;10;;;;0;;;1h 11m
2025-07-14 11:26:37;"Upper 1";"Pull Up (Assisted)";3;43;kg;10;;;;0;;;1h 11m
2025-07-14 11:26:37;"Upper 1";"vertical row";1;50;kg;14;;;;0;"";;1h 11m
2025-07-14 11:26:37;"Upper 1";"vertical row";2;50;kg;15;;;;0;;;1h 11m
2025-07-14 11:26:37;"Upper 1";"vertical row";3;57;kg;10;;;;0;;;1h 11m
2025-07-14 11:26:37;"Upper 1";"Preacher Curl (Barbell)";1;17.5;kg;10;;;;0;"";;1h 11m
2025-07-14 11:26:37;"Upper 1";"Preacher Curl (Barbell)";2;17.5;kg;10;;;;0;;;1h 11m
2025-07-14 11:26:37;"Upper 1";"Preacher Curl (Barbell)";3;15;kg;12;;;;0;;;1h 11m
2025-07-14 11:26:37;"Upper 1";"Hammer Curl (Dumbbell)";1;10;kg;10;;;;0;"";;1h 11m
2025-07-14 11:26:37;"Upper 1";"Hammer Curl (Dumbbell)";2;10;kg;10;;;;0;;;1h 11m
2025-07-14 11:26:37;"Upper 1";"Hammer Curl (Dumbbell)";3;10;kg;7;;;;0;;;1h 11m
2025-07-14 11:26:37;"Upper 1";"Hammer Curl (Dumbbell)";4;10;kg;3;;;;0;;;1h 11m
2025-07-14 11:26:37;"Upper 1";"Triceps Pushdown (Cable - Straight Bar)";1;43;kg;10;;;;0;"";;1h 11m
2025-07-14 11:26:37;"Upper 1";"Triceps Pushdown (Cable - Straight Bar)";2;43;kg;10;;;;0;;;1h 11m
2025-07-14 11:26:37;"Upper 1";"Triceps Pushdown (Cable - Straight Bar)";3;43;kg;10;;;;0;;;1h 11m
2025-07-14 11:26:37;"Upper 1";"Shoulder Press (Machine)";1;43;kg;10;;;;0;"";;1h 11m
2025-07-14 11:26:37;"Upper 1";"Shoulder Press (Machine)";2;43;kg;8;10;;;0;;;1h 11m
2025-07-14 11:26:37;"Upper 1";"Shoulder Press (Machine)";3;43;kg;8;;;;0;;;1h 11m
2025-07-15 10:18:39;"Lower 1";"Squat (Smith Machine)";1;20;kg;10;;;;0;"3rd is back off";"quad focused";1h 21m
2025-07-15 10:18:39;"Lower 1";"Squat (Smith Machine)";2;30;kg;10;;;;0;;;1h 21m
2025-07-15 10:18:39;"Lower 1";"Squat (Smith Machine)";3;40;kg;12;;;;0;;;1h 21m
2025-07-15 10:18:39;"Lower 1";"Squat (Smith Machine)";4;0;kg;15;;;;0;;;1h 21m
2025-07-15 10:18:39;"Lower 1";"Lying Leg Curl (Machine)";1;43;kg;10;;;;0;"";;1h 21m
2025-07-15 10:18:39;"Lower 1";"Lying Leg Curl (Machine)";2;43;kg;9;;;;0;;;1h 21m
2025-07-15 10:18:39;"Lower 1";"Lying Leg Curl (Machine)";3;36;kg;11;;;;0;;;1h 21m
2025-07-15 10:18:39;"Lower 1";"Leg Extension (Machine)";1;57;kg;12;;;;0;"";;1h 21m
2025-07-15 10:18:39;"Lower 1";"Leg Extension (Machine)";2;57;kg;13;;;;0;;;1h 21m
2025-07-15 10:18:39;"Lower 1";"Leg Extension (Machine)";3;57;kg;8;;;;0;;;1h 21m
2025-07-15 10:18:39;"Lower 1";"Leg Extension (Machine)";4;57;kg;4;;;;0;;;1h 21m
2025-07-15 10:18:39;"Lower 1";"Romanian Deadlift (Barbell)";1;45;kg;12;;;;0;"";;1h 21m
2025-07-15 10:18:39;"Lower 1";"Romanian Deadlift (Barbell)";2;45;kg;12;;;;0;;;1h 21m
2025-07-15 10:18:39;"Lower 1";"Romanian Deadlift (Barbell)";3;45;kg;12;;;;0;;;1h 21m
2025-07-15 10:18:39;"Lower 1";"Calf Press on Leg Press";1;84;kg;12;;;;0;"";;1h 21m
2025-07-15 10:18:39;"Lower 1";"Calf Press on Leg Press";2;84;kg;12;;;;0;;;1h 21m
2025-07-15 10:18:39;"Lower 1";"Calf Press on Leg Press";3;84;kg;12;;;;0;;;1h 21m
2025-07-15 10:18:39;"Lower 1";"Crunch (Machine)";1;70;kg;13;;;;0;"";;1h 21m
2025-07-15 10:18:39;"Lower 1";"Crunch (Machine)";2;70;kg;11;;;;0;;;1h 21m
2025-07-15 10:18:39;"Lower 1";"Crunch (Machine)";3;70;kg;6;;;;0;;;1h 21m
2025-07-15 10:18:39;"Lower 1";"Crunch (Machine)";4;70;kg;7;;;;0;;;1h 21m
2025-07-16 16:02:35;"Upper 2";"Lat Pulldown (Cable)";1;60;kg;10;;;;0;"";"Back focused";1h 30m
2025-07-16 16:02:35;"Upper 2";"Lat Pulldown (Cable)";2;60;kg;12;;;;0;;;1h 30m
2025-07-16 16:02:35;"Upper 2";"Lat Pulldown (Cable)";3;60;kg;11;;;;0;;;1h 30m
2025-07-16 16:02:35;"Upper 2";"Lat Pulldown (Cable)";4;35;kg;10;;;;0;;;1h 30m
2025-07-16 16:02:35;"Upper 2";"vertical row";1;64;kg;12;;;;0;"";;1h 30m
2025-07-16 16:02:35;"Upper 2";"vertical row";2;64;kg;9;;;;0;;;1h 30m
2025-07-16 16:02:35;"Upper 2";"vertical row";3;64;kg;6;;;;0;;;1h 30m
2025-07-16 16:02:35;"Upper 2";"Face Pull (Cable)";1;50;kg;10;;;;0;"";;1h 30m
2025-07-16 16:02:35;"Upper 2";"Face Pull (Cable)";2;50;kg;5;;;;0;;;1h 30m
2025-07-16 16:02:35;"Upper 2";"Face Pull (Cable)";3;43;kg;5;;;;0;;;1h 30m
2025-07-16 16:02:35;"Upper 2";"Face Pull (Cable)";4;43;kg;10;;;;0;;;1h 30m
2025-07-16 16:02:35;"Upper 2";"Shoulder Press (Machine)";1;43;kg;7;;;;0;"";;1h 30m
2025-07-16 16:02:35;"Upper 2";"Shoulder Press (Machine)";2;43;kg;9;;;;0;;;1h 30m
2025-07-16 16:02:35;"Upper 2";"Shoulder Press (Machine)";3;43;kg;7;;;;0;;;1h 30m
2025-07-16 16:02:35;"Upper 2";"Bench Press (Barbell)";1;70;kg;9;;;;0;"";;1h 30m
2025-07-16 16:02:35;"Upper 2";"Bench Press (Barbell)";2;70;kg;7;;;;0;;;1h 30m
2025-07-16 16:02:35;"Upper 2";"Bench Press (Barbell)";3;60;kg;7;;;;0;;;1h 30m
2025-07-16 16:02:35;"Upper 2";"Bench Press (Barbell)";4;60;kg;4;;;;0;;;1h 30m
2025-07-16 16:02:35;"Upper 2";"Chest Press (Machine)";1;64;kg;10;;;;0;"";;1h 30m
2025-07-16 16:02:35;"Upper 2";"Chest Press (Machine)";2;64;kg;10;;;;0;;;1h 30m
2025-07-16 16:02:35;"Upper 2";"Chest Press (Machine)";3;64;kg;7;;;;0;;;1h 30m
2025-07-16 16:02:35;"Upper 2";"Preacher Curl (Barbell)";1;17.5;kg;12;;;;0;"";;1h 30m
2025-07-16 16:02:35;"Upper 2";"Preacher Curl (Barbell)";2;17.5;kg;9;;;;0;;;1h 30m
2025-07-16 16:02:35;"Upper 2";"Preacher Curl (Barbell)";3;17.5;kg;5;;;;0;;;1h 30m
2025-07-16 16:02:35;"Upper 2";"Preacher Curl (Barbell)";4;17.5;kg;2;;;;0;;;1h 30m
2025-07-16 16:02:35;"Upper 2";"Hammer Curl (Dumbbell)";1;10;kg;12;;;;0;"";;1h 30m
2025-07-16 16:02:35;"Upper 2";"Hammer Curl (Dumbbell)";2;10;kg;9;;;;0;;;1h 30m
2025-07-16 16:02:35;"Upper 2";"Hammer Curl (Dumbbell)";3;10;kg;11;;;;0;;;1h 30m
2025-07-18 15:55:27;"Lower 2";"Lying Leg Curl (Machine)";1;43;kg;11;;;;0;"";"glute focused";1h 29m
2025-07-18 15:55:27;"Lower 2";"Lying Leg Curl (Machine)";2;43;kg;11;;;;0;;;1h 29m
2025-07-18 15:55:27;"Lower 2";"Lying Leg Curl (Machine)";3;43;kg;11;;;;0;;;1h 29m
2025-07-18 15:55:27;"Lower 2";"Lying Leg Curl (Machine)";4;30;kg;10;;;;0;;;1h 29m
2025-07-18 15:55:27;"Lower 2";"Hip Adductor (Machine)";1;48;kg;15;;;;0;"";;1h 29m
2025-07-18 15:55:27;"Lower 2";"Hip Adductor (Machine)";2;48;kg;11;;;;0;;;1h 29m
2025-07-18 15:55:27;"Lower 2";"Hip Adductor (Machine)";3;48;kg;15;;;;0;;;1h 29m
2025-07-18 15:55:27;"Lower 2";"Leg Extension (Machine)";1;64;kg;10;;;;0;"";;1h 29m
2025-07-18 15:55:27;"Lower 2";"Leg Extension (Machine)";2;64;kg;8;;;;0;;;1h 29m
2025-07-18 15:55:27;"Lower 2";"Leg Extension (Machine)";3;57;kg;8;;;;0;;;1h 29m
2025-07-18 15:55:27;"Lower 2";"Squat (Smith Machine)";1;50;kg;10;;;;0;"";;1h 29m
2025-07-18 15:55:27;"Lower 2";"Squat (Smith Machine)";2;50;kg;10;;;;0;;;1h 29m
2025-07-18 15:55:27;"Lower 2";"Squat (Smith Machine)";3;50;kg;6;;;;0;;;1h 29m
2025-07-18 15:55:27;"Lower 2";"Calf Press on Leg Press";1;91;kg;10;;;;0;"";;1h 29m
2025-07-18 15:55:27;"Lower 2";"Calf Press on Leg Press";2;91;kg;10;;;;0;;;1h 29m
2025-07-18 15:55:27;"Lower 2";"Calf Press on Leg Press";3;91;kg;10;;;;0;;;1h 29m
2025-07-18 15:55:27;"Lower 2";"Crunch (Machine)";1;77;kg;11;;;;0;"";;1h 29m
2025-07-18 15:55:27;"Lower 2";"Crunch (Machine)";2;77;kg;6;;;;0;;;1h 29m
2025-07-18 15:55:27;"Lower 2";"Crunch (Machine)";3;70;kg;4;;;;0;;;1h 29m
2025-07-18 15:55:27;"Lower 2";"Crunch (Machine)";4;70;kg;9;;;;0;;;1h 29m
2025-07-21 08:59:24;"Upper 1";"Incline Bench Press (Barbell)";1;70;kg;5;;;;0;"";"chest focuses";51m
2025-07-21 08:59:24;"Upper 1";"Incline Bench Press (Barbell)";2;70;kg;5;;;;0;;;51m
2025-07-21 08:59:24;"Upper 1";"Incline Bench Press (Barbell)";3;60;kg;10;;;;0;;;51m
2025-07-21 08:59:24;"Upper 1";"Incline Bench Press (Barbell)";4;50;kg;8;;;;0;;;51m
2025-07-21 08:59:24;"Upper 1";"Pec Deck (Machine)";1;50;kg;8;;;;0;"";;51m
2025-07-21 08:59:24;"Upper 1";"Pec Deck (Machine)";2;50;kg;5;;;;0;;;51m
2025-07-21 08:59:24;"Upper 1";"Pec Deck (Machine)";3;43;kg;9;;;;0;;;51m
2025-07-21 08:59:24;"Upper 1";"Pull Up (Assisted)";1;36;kg;11;;;;0;"";;51m
2025-07-21 08:59:24;"Upper 1";"Pull Up (Assisted)";2;36;kg;10;;;;0;;;51m
2025-07-21 08:59:24;"Upper 1";"Pull Up (Assisted)";3;43;kg;10;;;;0;;;51m
2025-07-21 08:59:24;"Upper 1";"vertical row";1;64;kg;10;;;;0;"";;51m
2025-07-21 08:59:24;"Upper 1";"Shoulder Press (Machine)";1;43;kg;12;;;;0;"";;51m
2025-07-21 08:59:24;"Upper 1";"Shoulder Press (Machine)";2;43;kg;10;10;;;0;;;51m
2025-07-21 08:59:24;"Upper 1";"Shoulder Press (Machine)";3;43;kg;10;;;;0;;;51m
2025-07-22 09:53:33;"Lower 2";"Lying Leg Curl (Machine)";1;50;kg;8;;;;0;"";"glute focused";1h 17m
2025-07-22 09:53:33;"Lower 2";"Lying Leg Curl (Machine)";2;50;kg;7;;;;0;;;1h 17m
2025-07-22 09:53:33;"Lower 2";"Lying Leg Curl (Machine)";3;50;kg;7;;;;0;;;1h 17m
2025-07-22 09:53:33;"Lower 2";"Lying Leg Curl (Machine)";4;23;kg;10;;;;0;;;1h 17m
2025-07-22 09:53:33;"Lower 2";"Lying Leg Curl (Machine)";5;50;kg;3;;;;0;;;1h 17m
2025-07-22 09:53:33;"Lower 2";"Hip Adductor (Machine)";1;55;kg;12;;;;0;"";;1h 17m
2025-07-22 09:53:33;"Lower 2";"Hip Adductor (Machine)";2;55;kg;10;;;;0;;;1h 17m
2025-07-22 09:53:33;"Lower 2";"Hip Adductor (Machine)";3;55;kg;10;;;;0;;;1h 17m
2025-07-22 09:53:33;"Lower 2";"Leg Extension (Machine)";1;64;kg;10;;;;0;"";;1h 17m
2025-07-22 09:53:33;"Lower 2";"Leg Extension (Machine)";2;64;kg;11;;;;0;;;1h 17m
2025-07-22 09:53:33;"Lower 2";"Leg Extension (Machine)";3;64;kg;10;;;;0;;;1h 17m
2025-07-22 09:53:33;"Lower 2";"Leg Press";1;120;kg;5;;;;0;"";;1h 17m
2025-07-22 09:53:33;"Lower 2";"Leg Press";2;120;kg;7;;;;0;;;1h 17m
2025-07-22 09:53:33;"Lower 2";"Leg Press";3;80;kg;12;;;;0;;;1h 17m
2025-07-22 09:53:33;"Lower 2";"Calf Press on Leg Press";1;91;kg;10;;;;0;"";;1h 17m
2025-07-22 09:53:33;"Lower 2";"Calf Press on Leg Press";2;91;kg;10;;;;0;;;1h 17m
2025-07-22 09:53:33;"Lower 2";"Calf Press on Leg Press";3;91;kg;14;;;;0;;;1h 17m
2025-07-23 13:44:57;"Upper 2";"Lat Pulldown (Cable)";1;65;kg;10;;;;0;"";"Back focused";1h 10m
2025-07-23 13:44:57;"Upper 2";"Lat Pulldown (Cable)";2;65;kg;9;;;;0;;;1h 10m
2025-07-23 13:44:57;"Upper 2";"Lat Pulldown (Cable)";3;60;kg;10;;;;0;;;1h 10m
2025-07-23 13:44:57;"Upper 2";"Lat Pulldown (Cable)";4;35;kg;10;;;;0;;;1h 10m
2025-07-23 13:44:57;"Upper 2";"vertical row";1;64;kg;10;;;;0;"";;1h 10m
2025-07-23 13:44:57;"Upper 2";"vertical row";2;64;kg;10;;;;0;;;1h 10m
2025-07-23 13:44:57;"Upper 2";"vertical row";3;64;kg;9;;;;0;;;1h 10m
2025-07-23 13:44:57;"Upper 2";"Shoulder Press (Machine)";1;50;kg;11;;;;0;"";;1h 10m
2025-07-23 13:44:57;"Upper 2";"Shoulder Press (Machine)";2;50;kg;8;;;;0;;;1h 10m
2025-07-23 13:44:57;"Upper 2";"Shoulder Press (Machine)";3;50;kg;5;;;;0;;;1h 10m
2025-07-23 13:44:57;"Upper 2";"Shoulder Press (Machine)";4;503;kg;4;;;;0;;;1h 10m
2025-07-23 13:44:57;"Upper 2";"Bench Press (Barbell)";1;65;kg;9;;;;0;"";;1h 10m
2025-07-23 13:44:57;"Upper 2";"Bench Press (Barbell)";2;75;kg;9;;;;0;;;1h 10m
2025-07-23 13:44:57;"Upper 2";"Bench Press (Barbell)";3;75;kg;5;;;;0;;;1h 10m
2025-07-23 13:44:57;"Upper 2";"Bench Press (Barbell)";4;75;kg;2;;;;0;;;1h 10m
2025-07-23 13:44:57;"Upper 2";"Pec Deck (Machine)";1;50;kg;10;;;;0;"";;1h 10m
2025-07-23 13:44:57;"Upper 2";"Pec Deck (Machine)";2;50;kg;7;;;;0;;;1h 10m
2025-07-23 13:44:57;"Upper 2";"Pec Deck (Machine)";3;50;kg;4;;;;0;;;1h 10m
2025-07-23 13:44:57;"Upper 2";"Pec Deck (Machine)";4;50;kg;3;;;;0;;;1h 10m
2025-07-23 13:44:57;"Upper 2";"Preacher Curl (Barbell)";1;17.5;kg;12;;;;0;"";;1h 10m
2025-07-23 13:44:57;"Upper 2";"Preacher Curl (Barbell)";2;17.5;kg;10;;;;0;;;1h 10m
2025-07-23 13:44:57;"Upper 2";"Preacher Curl (Barbell)";3;17.5;kg;6;;;;0;;;1h 10m
2025-07-23 13:44:57;"Upper 2";"Preacher Curl (Barbell)";4;17.5;kg;3;;;;0;;;1h 10m
2025-07-23 13:44:57;"Upper 2";"Triceps Pushdown (Cable - Straight Bar)";1;43;kg;12;;;;0;"";;1h 10m
2025-07-23 13:44:57;"Upper 2";"Triceps Pushdown (Cable - Straight Bar)";2;43;kg;11;;;;0;;;1h 10m
2025-07-23 13:44:57;"Upper 2";"Triceps Pushdown (Cable - Straight Bar)";3;43;kg;10;;;;0;;;1h 10m
2025-07-24 16:05:35;"Lower 2";"Lying Leg Curl (Machine)";1;50;kg;10;;;;0;"";"glute focused";1h 20m
2025-07-24 16:05:35;"Lower 2";"Lying Leg Curl (Machine)";2;50;kg;8;;;;0;;;1h 20m
2025-07-24 16:05:35;"Lower 2";"Lying Leg Curl (Machine)";3;43;kg;10;;;;0;;;1h 20m
2025-07-24 16:05:35;"Lower 2";"Lying Leg Curl (Machine)";4;30;kg;10;;;;0;;;1h 20m
2025-07-24 16:05:35;"Lower 2";"Hip Adductor (Machine)";1;55;kg;12;;;;0;"";;1h 20m
2025-07-24 16:05:35;"Lower 2";"Hip Adductor (Machine)";2;55;kg;10;;;;0;;;1h 20m
2025-07-24 16:05:35;"Lower 2";"Hip Adductor (Machine)";3;55;kg;7;;;;0;;;1h 20m
2025-07-24 16:05:35;"Lower 2";"Hip Adductor (Machine)";4;48;kg;5;;;;0;;;1h 20m
2025-07-24 16:05:35;"Lower 2";"Leg Extension (Machine)";1;64;kg;10;;;;0;"";;1h 20m
2025-07-24 16:05:35;"Lower 2";"Leg Extension (Machine)";2;70;kg;10;;;;0;;;1h 20m
2025-07-24 16:05:35;"Lower 2";"Leg Extension (Machine)";3;70;kg;8;;;;0;;;1h 20m
2025-07-24 16:05:35;"Lower 2";"Leg Extension (Machine)";4;70;kg;7;;;;0;;;1h 20m
2025-07-24 16:05:35;"Lower 2";"Squat (Smith Machine)";1;40;kg;10;;;;0;"";;1h 20m
2025-07-24 16:05:35;"Lower 2";"Squat (Smith Machine)";2;60;kg;9;;;;0;;;1h 20m
2025-07-24 16:05:35;"Lower 2";"Squat (Smith Machine)";3;60;kg;8;;;;0;;;1h 20m
2025-07-24 16:05:35;"Lower 2";"Calf Press on Leg Press";1;91;kg;12;;;;0;"";;1h 20m
2025-07-24 16:05:35;"Lower 2";"Calf Press on Leg Press";2;91;kg;12;;;;0;;;1h 20m
2025-07-24 16:05:35;"Lower 2";"Calf Press on Leg Press";3;91;kg;12;;;;0;;;1h 20m
2025-07-24 16:05:35;"Lower 2";"Crunch (Machine)";1;77;kg;15;;;;0;"";;1h 20m
2025-07-24 16:05:35;"Lower 2";"Crunch (Machine)";2;77;kg;12;;;;0;;;1h 20m
2025-07-24 16:05:35;"Lower 2";"Crunch (Machine)";3;77;kg;7;;;;0;;;1h 20m
2025-07-24 16:05:35;"Lower 2";"Crunch (Machine)";4;77;kg;7;;;;0;;;1h 20m
2025-07-25 16:02:42;"Upper 3";"Preacher Curl (Barbell)";1;17.5;kg;13;;;;0;"";"shoulder and arm focused";1h 16m
2025-07-25 16:02:42;"Upper 3";"Preacher Curl (Barbell)";2;17.5;kg;11;;;;0;;;1h 16m
2025-07-25 16:02:42;"Upper 3";"Preacher Curl (Barbell)";3;17.5;kg;10;;;;0;;;1h 16m
2025-07-25 16:02:42;"Upper 3";"Preacher Curl (Barbell)";4;7.5;kg;10;;;;0;;;1h 16m
2025-07-25 16:02:42;"Upper 3";"Shoulder Press (Machine)";1;50;kg;12;;;;0;"Last is back off";;1h 16m
2025-07-25 16:02:42;"Upper 3";"Shoulder Press (Machine)";2;50;kg;8;;;;0;;;1h 16m
2025-07-25 16:02:42;"Upper 3";"Shoulder Press (Machine)";3;50;kg;8;;;;0;;;1h 16m
2025-07-25 16:02:42;"Upper 3";"Incline Bench Press (Barbell)";1;70;kg;8;;;;0;"";;1h 16m
2025-07-25 16:02:42;"Upper 3";"Incline Bench Press (Barbell)";2;70;kg;6;;;;0;;;1h 16m
2025-07-25 16:02:42;"Upper 3";"Incline Bench Press (Barbell)";3;70;kg;4;;;;0;;;1h 16m
2025-07-25 16:02:42;"Upper 3";"Incline Bench Press (Barbell)";4;60;kg;7;;;;0;;;1h 16m
2025-07-25 16:02:42;"Upper 3";"Cable Crossover";1;18;kg;16;;;;0;"";;1h 16m
2025-07-25 16:02:42;"Upper 3";"Cable Crossover";2;23;kg;10;;;;0;;;1h 16m
2025-07-25 16:02:42;"Upper 3";"Cable Crossover";3;23;kg;10;;;;0;;;1h 16m
2025-07-25 16:02:42;"Upper 3";"vertical row";1;70;kg;13;;;;0;"";;1h 16m
2025-07-25 16:02:42;"Upper 3";"vertical row";2;70;kg;12;;;;0;;;1h 16m
2025-07-25 16:02:42;"Upper 3";"vertical row";3;70;kg;11;;;;0;;;1h 16m
2025-07-25 16:02:42;"Upper 3";"Triceps Pushdown (Cable - Straight Bar)";1;50;kg;8;;;;0;"";;1h 16m
2025-07-25 16:02:42;"Upper 3";"Triceps Pushdown (Cable - Straight Bar)";2;50;kg;6;;;;0;;;1h 16m
2025-07-25 16:02:42;"Upper 3";"Triceps Pushdown (Cable - Straight Bar)";3;43;kg;9;;;;0;;;1h 16m
2025-07-26 09:28:02;"Morning Workout";"Squat (Smith Machine)";1;70;kg;5;;;;0;"";"";58m
2025-07-26 09:28:02;"Morning Workout";"Squat (Smith Machine)";2;70;kg;3;;;;0;;;58m
2025-07-26 09:28:02;"Morning Workout";"Squat (Smith Machine)";3;60;kg;3;;;;0;;;58m
2025-07-26 09:28:02;"Morning Workout";"Squat (Smith Machine)";4;20;kg;10;;;;0;;;58m
2025-07-26 09:28:02;"Morning Workout";"Lying Leg Curl (Machine)";1;50;kg;8;;;;0;"";;58m
2025-07-26 09:28:02;"Morning Workout";"Lying Leg Curl (Machine)";2;50;kg;8;;;;0;;;58m
2025-07-26 09:28:02;"Morning Workout";"Lying Leg Curl (Machine)";3;50;kg;6;;;;0;;;58m
2025-07-26 09:28:02;"Morning Workout";"Lying Leg Curl (Machine)";4;30;kg;10;;;;0;;;58m
2025-07-26 09:28:02;"Morning Workout";"Leg Extension (Machine)";1;77;kg;10;;;;0;"";;58m
2025-07-26 09:28:02;"Morning Workout";"Leg Extension (Machine)";2;77;kg;9;;;;0;;;58m
2025-07-26 09:28:02;"Morning Workout";"Leg Extension (Machine)";3;77;kg;8;;;;0;;;58m
2025-07-26 09:28:02;"Morning Workout";"Calf Press on Leg Press";1;91;kg;12;;;;0;"";;58m
2025-07-26 09:28:02;"Morning Workout";"Calf Press on Leg Press";2;91;kg;14;;;;0;;;58m
2025-07-26 09:28:02;"Morning Workout";"Calf Press on Leg Press";3;91;kg;14;;;;0;;;58m
2025-07-28 18:23:30;"Bodyweight workout";"Push Up";1;10;kg;15;;;;0;"";"";49m
2025-07-28 18:23:30;"Bodyweight workout";"Push Up";2;10;kg;15;;;;0;;;49m
2025-07-28 18:23:30;"Bodyweight workout";"Push Up";3;10;kg;15;;;;0;;;49m
2025-07-28 18:23:30;"Bodyweight workout";"pike push ups";1;0;kg;10;;;;0;"";;49m
2025-07-28 18:23:30;"Bodyweight workout";"pike push ups";2;0;kg;11;;;;0;;;49m
2025-07-28 18:23:30;"Bodyweight workout";"pike push ups";3;0;kg;12;;;;0;;;49m
2025-07-28 18:23:30;"Bodyweight workout";"Lateral Raise (Dumbbell)";1;5;kg;15;;;;0;"";;49m
2025-07-28 18:23:30;"Bodyweight workout";"Lateral Raise (Dumbbell)";2;5;kg;15;;;;0;;;49m
2025-07-28 18:23:30;"Bodyweight workout";"Lateral Raise (Dumbbell)";3;5;kg;15;;;;0;;;49m
2025-07-28 18:23:30;"Bodyweight workout";"Skullcrusher (Dumbbell)";1;5;kg;20;;;;0;"";;49m
2025-07-28 18:23:30;"Bodyweight workout";"Skullcrusher (Dumbbell)";2;5;kg;25;;;;0;;;49m
2025-07-28 18:23:30;"Bodyweight workout";"Skullcrusher (Dumbbell)";3;5;kg;25;;;;0;;;49m
2025-07-28 18:23:30;"Bodyweight workout";"pseudo planchr push ups";1;0;kg;10;;;;0;"";;49m
2025-07-28 18:23:30;"Bodyweight workout";"pseudo planchr push ups";2;0;kg;10;;;;0;;;49m
2025-07-28 18:23:30;"Bodyweight workout";"pseudo planchr push ups";3;0;kg;11;;;;0;;;49m
2025-08-21 09:11:10;"Upper 1";"Incline Bench Press (Barbell)";1;70;kg;5;;;;0;"";"chest focuses";2h 8m
2025-10-03 13:04:28;"Upper 1";"Incline Bench Press (Barbell)";1;60;kg;12;;;;0;"";"chest focuses";1h 29m
2025-10-03 13:04:28;"Upper 1";"Incline Bench Press (Barbell)";2;70;kg;9;;;;0;;;1h 29m
2025-10-03 13:04:28;"Upper 1";"Incline Bench Press (Barbell)";3;60;kg;10;;;;0;;;1h 29m
2025-10-03 13:04:28;"Upper 1";"Pec Deck (Machine)";1;83;kg;10;;;;0;"";;1h 29m
2025-10-03 13:04:28;"Upper 1";"Pec Deck (Machine)";2;93;kg;10;;;;0;;;1h 29m
2025-10-03 13:04:28;"Upper 1";"Pec Deck (Machine)";3;9;kg;10;;;;0;;;1h 29m
2025-10-03 13:04:28;"Upper 1";"Pull Up (Assisted)";1;0;kg;10;;;;0;"";;1h 29m
2025-10-03 13:04:28;"Upper 1";"Pull Up (Assisted)";2;0;kg;10;;;;0;;;1h 29m
2025-10-03 13:04:28;"Upper 1";"Pull Up (Assisted)";3;0;kg;10;;;;0;;;1h 29m
2025-10-03 13:04:28;"Upper 1";"vertical row";1;59;kg;8;;;;0;"";;1h 29m
2025-10-03 13:04:28;"Upper 1";"vertical row";2;52;kg;8;;;;0;;;1h 29m
2025-10-03 13:04:28;"Upper 1";"vertical row";3;45;kg;7;;;;0;;;1h 29m
2025-10-03 13:04:28;"Upper 1";"Preacher Curl (Barbell)";1;10;kg;10;;;;0;"";;1h 29m
2025-10-03 13:04:28;"Upper 1";"Preacher Curl (Barbell)";2;15;kg;6;;;;0;;;1h 29m
2025-10-03 13:04:28;"Upper 1";"Preacher Curl (Barbell)";3;15;kg;5;;;;0;;;1h 29m
2025-10-04 15:13:53;"Leg day puregym";"Seated Leg Curl (Machine)";1;32;kg;10;;;;0;"";"";1h 26m
2025-10-04 15:13:53;"Leg day puregym";"Seated Leg Curl (Machine)";2;45;kg;15;;;;0;;;1h 26m
2025-10-04 15:13:53;"Leg day puregym";"Seated Leg Curl (Machine)";3;52;kg;12;;;;0;;;1h 26m
2025-10-04 15:13:53;"Leg day puregym";"Seated Leg Curl (Machine)";4;52;kg;10;;;;0;;;1h 26m
2025-10-04 15:13:53;"Leg day puregym";"Squat (Machine)";1;70;kg;10;;;;0;"";;1h 26m
2025-10-04 15:13:53;"Leg day puregym";"Squat (Machine)";2;90;kg;6;;;;0;;;1h 26m
2025-10-04 15:13:53;"Leg day puregym";"Squat (Machine)";3;80;kg;8;;;;0;;;1h 26m
2025-10-04 15:13:53;"Leg day puregym";"Leg Extension (Machine)";1;45;kg;10;;;;0;"";;1h 26m
2025-10-04 15:13:53;"Leg day puregym";"Leg Extension (Machine)";2;55;kg;10;;;;0;;;1h 26m
2025-10-04 15:13:53;"Leg day puregym";"Leg Extension (Machine)";3;55;kg;10;;;;0;;;1h 26m
2025-10-04 15:13:53;"Leg day puregym";"Seated Calf Raise (Machine)";1;107;kg;10;;;;0;"";;1h 26m
2025-10-04 15:13:53;"Leg day puregym";"Seated Calf Raise (Machine)";2;107;kg;15;;;;0;;;1h 26m
2025-10-04 15:13:53;"Leg day puregym";"Seated Calf Raise (Machine)";3;120;kg;11;;;;0;;;1h 26m
2025-10-05 14:36:37;"Upper 1  puregym";"Lat Pulldown (Cable)";1;73;kg;10;;;;0;"";"Back focused";1h 22m
2025-10-05 14:36:37;"Upper 1  puregym";"Lat Pulldown (Cable)";2;73;kg;10;;;;0;;;1h 22m
2025-10-05 14:36:37;"Upper 1  puregym";"Lat Pulldown (Cable)";3;75;kg;6;;;;0;;;1h 22m
2025-10-05 14:36:37;"Upper 1  puregym";"Lat Pulldown (Cable)";4;61;kg;6;;;;0;;;1h 22m
2025-10-05 14:36:37;"Upper 1  puregym";"Seated Row (Cable)";1;52;kg;10;;;;0;"";;1h 22m
2025-10-05 14:36:37;"Upper 1  puregym";"Seated Row (Cable)";2;52;kg;10;;;;0;;;1h 22m
2025-10-05 14:36:37;"Upper 1  puregym";"Seated Row (Cable)";3;45;kg;9;;;;0;;;1h 22m
2025-10-05 14:36:37;"Upper 1  puregym";"Bench Press (Barbell)";1;60;kg;10;;;;0;"";;1h 22m
2025-10-05 14:36:37;"Upper 1  puregym";"Bench Press (Barbell)";2;70;kg;10;;;;0;;;1h 22m
2025-10-05 14:36:37;"Upper 1  puregym";"Bench Press (Barbell)";3;75;kg;7;;;;0;;;1h 22m
2025-10-05 14:36:37;"Upper 1  puregym";"Bench Press (Barbell)";4;75;kg;6;;;;0;;;1h 22m
2025-10-05 14:36:37;"Upper 1  puregym";"Preacher Curl (Barbell)";1;15;kg;8;;;;0;"";;1h 22m
2025-10-05 14:36:37;"Upper 1  puregym";"Preacher Curl (Barbell)";2;15;kg;10;;;;0;;;1h 22m
2025-10-05 14:36:37;"Upper 1  puregym";"Preacher Curl (Barbell)";3;15;kg;9;;;;0;;;1h 22m
2025-10-05 14:36:37;"Upper 1  puregym";"Triceps Pushdown (Cable - Straight Bar)";1;21;kg;10;;;;0;"";;1h 22m
2025-10-05 14:36:37;"Upper 1  puregym";"Triceps Pushdown (Cable - Straight Bar)";2;21;kg;8;;;;0;;;1h 22m
2025-10-05 14:36:37;"Upper 1  puregym";"Triceps Pushdown (Cable - Straight Bar)";3;21;kg;4;;;;0;;;1h 22m
2025-10-05 14:36:37;"Upper 1  puregym";"Triceps Pushdown (Cable - Straight Bar)";4;14.7;kg;5;;;;0;;;1h 22m
2025-10-07 17:15:07;"Afternoon Workout";"Iso-Lateral Chest Press (Machine)";1;10;kg;10;;;;0;"";"";1h 34m
2025-10-07 17:15:07;"Afternoon Workout";"Iso-Lateral Chest Press (Machine)";2;40;kg;12;;;;0;;;1h 34m
2025-10-07 17:15:07;"Afternoon Workout";"Iso-Lateral Chest Press (Machine)";3;60;kg;12;;;;0;;;1h 34m
2025-10-07 17:15:07;"Afternoon Workout";"Iso-Lateral Chest Press (Machine)";4;70;kg;8;;;;0;;;1h 34m
2025-10-07 17:15:07;"Afternoon Workout";"Seated Row (Cable)";1;56;kg;10;;;;0;"";;1h 34m
2025-10-07 17:15:07;"Afternoon Workout";"Seated Row (Cable)";2;56;kg;10;;;;0;;;1h 34m
2025-10-07 17:15:07;"Afternoon Workout";"Seated Row (Cable)";3;49;kg;8;;;;0;;;1h 34m
2025-10-07 17:15:07;"Afternoon Workout";"Seated Leg Curl (Machine)";1;56;kg;10;;;;0;"";;1h 34m
2025-10-07 17:15:07;"Afternoon Workout";"Seated Leg Curl (Machine)";2;63;kg;10;;;;0;;;1h 34m
2025-10-07 17:15:07;"Afternoon Workout";"Seated Leg Curl (Machine)";3;59;kg;8;;;;0;;;1h 34m
2025-10-07 17:15:07;"Afternoon Workout";"Squat (Smith Machine)";1;40;kg;10;;;;0;"";;1h 34m
2025-10-07 17:15:07;"Afternoon Workout";"Squat (Smith Machine)";2;60;kg;6;;;;0;;;1h 34m
2025-10-07 17:15:07;"Afternoon Workout";"Squat (Smith Machine)";3;60;kg;7;;;;0;;;1h 34m
2025-10-07 17:15:07;"Afternoon Workout";"Leg Extension (Machine)";1;59;kg;10;;;;0;"";;1h 34m
2025-10-07 17:15:07;"Afternoon Workout";"Leg Extension (Machine)";2;62;kg;9;;;;0;;;1h 34m
2025-10-07 17:15:07;"Afternoon Workout";"Leg Extension (Machine)";3;54;kg;11;;;;0;;;1h 34m
2025-10-07 17:15:07;"Afternoon Workout";"Lat Pulldown (Cable)";1;73;kg;8;;;;0;"";;1h 34m
2025-10-07 17:15:07;"Afternoon Workout";"Cycling";1;;;;;16;km;10;"";;1h 34m
2025-10-08 15:11:44;"Upper 2";"Pull Up";1;0;kg;12;;;;0;"";"Back focused";55m
2025-10-08 15:11:44;"Upper 2";"Pull Up";2;0;kg;7;;;;0;;;55m
2025-10-08 15:11:44;"Upper 2";"Pull Up";3;;;6;;;;0;;;55m
2025-10-08 15:11:44;"Upper 2";"Pull Up";4;;;2;;;;0;;;55m
2025-10-08 15:11:44;"Upper 2";"Incline Bench Press (Barbell)";1;40;kg;10;;;;0;"";;55m
2025-10-08 15:11:44;"Upper 2";"Incline Bench Press (Barbell)";2;80;kg;4;;;;0;;;55m
2025-10-08 15:11:44;"Upper 2";"Incline Bench Press (Barbell)";3;80;kg;3;;;;0;;;55m
2025-10-08 15:11:44;"Upper 2";"Incline Bench Press (Barbell)";4;75;kg;5;;;;0;;;55m
2025-10-08 15:11:44;"Upper 2";"Pec Deck (Machine)";1;100;kg;10;;;;0;"";;55m
2025-10-08 15:11:44;"Upper 2";"Pec Deck (Machine)";2;100;kg;10;;;;0;;;55m
2025-10-08 15:11:44;"Upper 2";"Pec Deck (Machine)";3;100;kg;8;;;;0;;;55m
2025-10-08 15:11:44;"Upper 2";"Triceps Pushdown (Cable - Straight Bar)";1;21;kg;12;;;;0;"";;55m
2025-10-08 15:11:44;"Upper 2";"Triceps Pushdown (Cable - Straight Bar)";2;21;kg;9;;;;0;;;55m
2025-10-08 15:11:44;"Upper 2";"Triceps Pushdown (Cable - Straight Bar)";3;21;kg;5;;;;0;;;55m
2025-10-08 15:11:44;"Upper 2";"Triceps Pushdown (Cable - Straight Bar)";4;19;kg;450;;;;0;;;55m
2025-10-08 15:11:44;"Upper 2";"Shoulder Press (Machine)";1;41;kg;5;;;;0;"";;55m
2025-10-08 15:11:44;"Upper 2";"Shoulder Press (Machine)";2;32;kg;4;;;;0;;;55m
2025-10-08 15:11:44;"Upper 2";"Shoulder Press (Machine)";3;32;kg;8;;;;0;;;55m
2025-10-08 15:11:44;"Upper 2";"Shoulder Press (Machine)";4;32;kg;9;;;;0;;;55m
2025-10-09 15:35:11;"Lower 1";"Squat (Smith Machine)";1;50;kg;10;;;;0;"3rd is back off";"quad focused";1h 40m
2025-10-09 15:35:11;"Lower 1";"Squat (Smith Machine)";2;70;kg;7;;;;0;;;1h 40m
2025-10-09 15:35:11;"Lower 1";"Squat (Smith Machine)";3;70;kg;7;;;;0;;;1h 40m
2025-10-09 15:35:11;"Lower 1";"Seated Leg Curl (Machine)";1;10;kg;13;;;;0;"";;1h 40m
2025-10-09 15:35:11;"Lower 1";"Seated Leg Curl (Machine)";2;59;kg;10;;;;0;;;1h 40m
2025-10-09 15:35:11;"Lower 1";"Seated Leg Curl (Machine)";3;52;kg;10;;;;0;;;1h 40m
2025-10-09 15:35:11;"Lower 1";"Seated Leg Curl (Machine)";4;52;kg;12;;;;0;;;1h 40m
2025-10-09 15:35:11;"Lower 1";"Leg Extension (Machine)";1;59;kg;13;;;;0;"";;1h 40m
2025-10-09 15:35:11;"Lower 1";"Leg Extension (Machine)";2;62;kg;13;;;;0;;;1h 40m
2025-10-09 15:35:11;"Lower 1";"Leg Extension (Machine)";3;62;kg;10;10;;;0;;;1h 40m
2025-10-09 15:35:11;"Lower 1";"Romanian Deadlift (Barbell)";1;70;kg;10;;;;0;"";;1h 40m
2025-10-09 15:35:11;"Lower 1";"Romanian Deadlift (Barbell)";2;90;kg;8;;;;0;;;1h 40m
2025-10-09 15:35:11;"Lower 1";"Romanian Deadlift (Barbell)";3;100;kg;6;;;;0;;;1h 40m
2025-10-10 15:16:23;"Upper 2";"Lat Pulldown (Cable)";1;73;kg;12;;;;0;"";"Back focused";1h 45m
2025-10-10 15:16:23;"Upper 2";"Lat Pulldown (Cable)";2;73;kg;9;;;;0;;;1h 45m
2025-10-10 15:16:23;"Upper 2";"Lat Pulldown (Cable)";3;73;kg;9;;;;0;;;1h 45m
2025-10-10 15:16:23;"Upper 2";"vertical row";1;59;kg;10;;;;0;"";;1h 45m
2025-10-10 15:16:23;"Upper 2";"vertical row";2;59;kg;8;;;;0;;;1h 45m
2025-10-10 15:16:23;"Upper 2";"vertical row";3;59;kg;10;;;;0;;;1h 45m
2025-10-10 15:16:23;"Upper 2";"Face Pull (Cable)";1;18;kg;10;;;;0;"";;1h 45m
2025-10-10 15:16:23;"Upper 2";"Face Pull (Cable)";2;18;kg;11;;;;0;;;1h 45m
2025-10-10 15:16:23;"Upper 2";"Face Pull (Cable)";3;18;kg;12;;;;0;;;1h 45m
2025-10-10 15:16:23;"Upper 2";"Strict Military Press (Barbell)";1;40;kg;8;;;;0;"";;1h 45m
2025-10-10 15:16:23;"Upper 2";"Strict Military Press (Barbell)";2;40;kg;8;;;;0;;;1h 45m
2025-10-10 15:16:23;"Upper 2";"Strict Military Press (Barbell)";3;40;kg;7;;;;0;;;1h 45m
2025-10-10 15:16:23;"Upper 2";"Bench Press (Barbell)";1;50;kg;10;;;;0;"";;1h 45m
2025-10-10 15:16:23;"Upper 2";"Bench Press (Barbell)";2;70;kg;12;;;;0;;;1h 45m
2025-10-10 15:16:23;"Upper 2";"Bench Press (Barbell)";3;80;kg;8;;;;0;;;1h 45m
2025-10-10 15:16:23;"Upper 2";"Bench Press (Barbell)";4;80;kg;7;;;;0;;;1h 45m
2025-10-10 15:16:23;"Upper 2";"Chest Press (Machine)";1;52;kg;8;;;;0;"";;1h 45m
2025-10-10 15:16:23;"Upper 2";"Chest Press (Machine)";2;52;kg;12;;;;0;;;1h 45m
2025-10-10 15:16:23;"Upper 2";"Chest Press (Machine)";3;52;kg;7;;;;0;;;1h 45m
2025-10-10 15:16:23;"Upper 2";"Cycling (Indoor)";1;;;;;4.71;km;619;"";;1h 45m
2025-10-10 15:16:23;"Upper 2";"Hammer Curl (Dumbbell)";1;10;kg;15;;;;0;"";;1h 45m
2025-10-10 15:16:23;"Upper 2";"Hammer Curl (Dumbbell)";2;10;kg;10;;;;0;;;1h 45m
2025-10-10 15:16:23;"Upper 2";"Hammer Curl (Dumbbell)";3;10;kg;11;;;;0;;;1h 45m
2025-10-13 14:06:12;"Upper 1";"Incline Bench Press (Barbell)";1;70;kg;9;;;;0;"";"chest focuses";1h 20m
2025-10-13 14:06:12;"Upper 1";"Incline Bench Press (Barbell)";2;75;kg;6;;;;0;;;1h 20m
2025-10-13 14:06:12;"Upper 1";"Incline Bench Press (Barbell)";3;80;kg;4;;;;0;;;1h 20m
2025-10-13 14:06:12;"Upper 1";"Incline Bench Press (Barbell)";4;50;kg;10;;;;0;;;1h 20m
2025-10-13 14:06:12;"Upper 1";"Pec Deck (Machine)";1;100;kg;13;;;;0;"";;1h 20m
2025-10-13 14:06:12;"Upper 1";"Pec Deck (Machine)";2;100;kg;9;;;;0;;;1h 20m
2025-10-13 14:06:12;"Upper 1";"Pec Deck (Machine)";3;100;kg;9;;;;0;;;1h 20m
2025-10-13 14:06:12;"Upper 1";"Pull Up (Assisted)";1;0;kg;12;;;;0;"";;1h 20m
2025-10-13 14:06:12;"Upper 1";"Pull Up (Assisted)";2;0;kg;8;;;;0;;;1h 20m
2025-10-13 14:06:12;"Upper 1";"Pull Up (Assisted)";3;0;kg;9;;;;0;;;1h 20m
2025-10-13 14:06:12;"Upper 1";"Seated Row (Cable)";1;59;kg;10;;;;0;"";;1h 20m
2025-10-13 14:06:12;"Upper 1";"Seated Row (Cable)";2;59;kg;10;;;;0;;;1h 20m
2025-10-13 14:06:12;"Upper 1";"Seated Row (Cable)";3;59;kg;7;;;;0;;;1h 20m
2025-10-13 14:06:12;"Upper 1";"Triceps Pushdown (Cable - Straight Bar)";1;22.5;kg;11;;;;0;"";;1h 20m
2025-10-13 14:06:12;"Upper 1";"Triceps Pushdown (Cable - Straight Bar)";2;22.5;kg;8;;;;0;;;1h 20m
2025-10-13 14:06:12;"Upper 1";"Triceps Pushdown (Cable - Straight Bar)";3;20.3;kg;8;;;;0;;;1h 20m
2025-10-13 14:06:12;"Upper 1";"Strict Military Press (Barbell)";1;40;kg;10;;;;0;"";;1h 20m
2025-10-13 14:06:12;"Upper 1";"Strict Military Press (Barbell)";2;40;kg;10;;;;0;;;1h 20m
2025-10-13 14:06:12;"Upper 1";"Strict Military Press (Barbell)";3;40;kg;8;;;;0;;;1h 20m
2025-10-14 12:38:38;"Lower 1";"Squat (Barbell)";1;60;kg;10;;;;0;"3rd is back off";"quad focused";1h 40m
2025-10-14 12:38:38;"Lower 1";"Squat (Barbell)";2;70;kg;10;;;;0;;;1h 40m
2025-10-14 12:38:38;"Lower 1";"Squat (Barbell)";3;80;kg;8;;;;0;;;1h 40m
2025-10-14 12:38:38;"Lower 1";"Seated Leg Curl (Machine)";1;32;kg;12;;;;0;"";;1h 40m
2025-10-14 12:38:38;"Lower 1";"Seated Leg Curl (Machine)";2;61;kg;11;;;;0;;;1h 40m
2025-10-14 12:38:38;"Lower 1";"Seated Leg Curl (Machine)";3;63;kg;10;;;;0;;;1h 40m
2025-10-14 12:38:38;"Lower 1";"Seated Leg Curl (Machine)";4;59;kg;9;;;;0;;;1h 40m
2025-10-14 12:38:38;"Lower 1";"Leg Extension (Machine)";1;59;kg;11;;;;0;"";;1h 40m
2025-10-14 12:38:38;"Lower 1";"Leg Extension (Machine)";2;59;kg;12;;;;0;;;1h 40m
2025-10-14 12:38:38;"Lower 1";"Leg Extension (Machine)";3;59;kg;11;;;;0;;;1h 40m
2025-10-14 12:38:38;"Lower 1";"Romanian Deadlift (Barbell)";1;80;kg;10;;;;0;"";;1h 40m
2025-10-14 12:38:38;"Lower 1";"Romanian Deadlift (Barbell)";2;90;kg;7;;;;0;;;1h 40m
2025-10-14 12:38:38;"Lower 1";"Romanian Deadlift (Barbell)";3;100;kg;8;;;;0;;;1h 40m
2025-10-14 12:38:38;"Lower 1";"Calf Press on Leg Press";1;107;kg;14;;;;0;"";;1h 40m
2025-10-14 12:38:38;"Lower 1";"Calf Press on Leg Press";2;113;kg;10;;;;0;;;1h 40m
2025-10-14 12:38:38;"Lower 1";"Calf Press on Leg Press";3;113;kg;12;;;;0;;;1h 40m
2025-10-15 09:57:31;"Upper 2";"Pull Up";1;;;11;;;;0;"";"Back focused";2h 37m
2025-10-15 09:57:31;"Upper 2";"Pull Up";2;;;7;;;;0;;;2h 37m
2025-10-15 09:57:31;"Upper 2";"Pull Up";3;;;8;;;;0;;;2h 37m
2025-10-15 09:57:31;"Upper 2";"vertical row";1;61;kg;11;;;;0;"";;2h 37m
2025-10-15 09:57:31;"Upper 2";"vertical row";2;61;kg;9;;;;0;;;2h 37m
2025-10-15 09:57:31;"Upper 2";"Strict Military Press (Barbell)";1;45;kg;10;;;;0;"";;2h 37m
2025-10-15 09:57:31;"Upper 2";"Strict Military Press (Barbell)";2;45;kg;7;;;;0;;;2h 37m
2025-10-15 09:57:31;"Upper 2";"Strict Military Press (Barbell)";3;45;kg;9;;;;0;;;2h 37m
2025-10-15 09:57:31;"Upper 2";"Bench Press (Barbell)";1;60;kg;10;;;;0;"";;2h 37m
2025-10-15 09:57:31;"Upper 2";"Bench Press (Barbell)";2;70;kg;10;;;;0;;;2h 37m
2025-10-15 09:57:31;"Upper 2";"Bench Press (Barbell)";3;85;kg;4;;;;0;;;2h 37m
2025-10-15 09:57:31;"Upper 2";"Bench Press (Barbell)";4;82.5;kg;6;;;;0;;;2h 37m
2025-10-19 11:26:19;"Lower 1";"Squat (Barbell)";1;40;kg;8;;;;0;"";"";26m
2025-10-19 11:26:19;"Lower 1";"Squat (Barbell)";2;70;kg;6;;;;0;;;26m
2025-10-19 11:26:19;"Lower 1";"Squat (Barbell)";3;80;kg;5;;;;0;;;26m
2025-10-21 16:56:48;"Upper 1";"Incline Bench Press (Barbell)";1;60;kg;8;;;;0;"";"";1h 25m
2025-10-21 16:56:48;"Upper 1";"Incline Bench Press (Barbell)";2;70;kg;5;;;;0;;;1h 25m
2025-10-21 16:56:48;"Upper 1";"Incline Bench Press (Barbell)";3;75;kg;5;;;;0;;;1h 25m
2025-10-21 16:56:48;"Upper 1";"Incline Bench Press (Barbell)";4;80;kg;5;;;;0;;;1h 25m
2025-10-21 16:56:48;"Upper 1";"Incline Bench Press (Barbell)";5;82.5;kg;4;;;;0;;;1h 25m
2025-10-21 16:56:48;"Upper 1";"Incline Bench Press (Barbell)";6;82.5;kg;2;10;;;0;;;1h 25m
2025-10-21 16:56:48;"Upper 1";"Pull Up";1;10;kg;10;;;;0;"";;1h 25m
2025-10-21 16:56:48;"Upper 1";"Pull Up";2;10;kg;6;;;;0;;;1h 25m
2025-10-21 16:56:48;"Upper 1";"Pull Up";3;10;kg;5;;;;0;;;1h 25m
2025-10-21 16:56:48;"Upper 1";"Pull Up";4;10;kg;5;;;;0;;;1h 25m
2025-10-21 16:56:48;"Upper 1";"Overhead Press (Barbell)";1;47.5;kg;8;;;;0;"";;1h 25m
2025-10-21 16:56:48;"Upper 1";"Overhead Press (Barbell)";2;47.5;kg;7;;;;0;;;1h 25m
2025-10-21 16:56:48;"Upper 1";"Overhead Press (Barbell)";3;47.5;kg;6;;;;0;;;1h 25m
2025-10-21 16:56:48;"Upper 1";"vertical row";1;63;kg;9;;;;0;"";;1h 25m
2025-10-21 16:56:48;"Upper 1";"vertical row";2;63;kg;9;;;;0;;;1h 25m
2025-10-21 16:56:48;"Upper 1";"vertical row";3;63;kg;10;;;;0;;;1h 25m
2025-10-21 16:56:48;"Upper 1";"Face Pull (Cable)";1;15.8;kg;20;;;;0;"";;1h 25m
2025-10-21 16:56:48;"Upper 1";"Face Pull (Cable)";2;15.8;kg;16;;;;0;;;1h 25m
2025-10-21 16:56:48;"Upper 1";"Face Pull (Cable)";3;15.8;kg;16;;;;0;;;1h 25m
2025-10-26 11:36:10;"Morning Workout";"Incline Bench Press (Barbell)";1;50;kg;8;;;;0;"";"";1h 16m
2025-10-26 11:36:10;"Morning Workout";"Incline Bench Press (Barbell)";2;70;kg;8;;;;0;;;1h 16m
2025-10-26 11:36:10;"Morning Workout";"Incline Bench Press (Barbell)";3;75;kg;6;;;;0;;;1h 16m
2025-10-26 11:36:10;"Morning Workout";"Incline Bench Press (Barbell)";4;75;kg;5;;;;0;;;1h 16m
2025-10-26 11:36:10;"Morning Workout";"Incline Bench Press (Barbell)";5;75;kg;6;;;;0;;;1h 16m
2025-10-26 11:36:10;"Morning Workout";"Seated Row (Cable)";1;66;kg;10;;;;0;"";;1h 16m
2025-10-26 11:36:10;"Morning Workout";"Seated Row (Cable)";2;66;kg;10;;;;0;;;1h 16m
2025-10-26 11:36:10;"Morning Workout";"Seated Row (Cable)";3;66;kg;10;;;;0;;;1h 16m
2025-10-26 11:36:10;"Morning Workout";"Seated Row (Cable)";4;59;kg;10;;;;0;;;1h 16m
2025-10-26 11:36:10;"Morning Workout";"Lateral Raise (Dumbbell)";1;10;kg;10;;;;0;"";;1h 16m
2025-10-26 11:36:10;"Morning Workout";"Lateral Raise (Dumbbell)";2;7.5;kg;10;;;;0;;;1h 16m
2025-10-26 11:36:10;"Morning Workout";"Lateral Raise (Dumbbell)";3;7.5;kg;10;;;;0;;;1h 16m
2025-10-26 11:36:10;"Morning Workout";"Lateral Raise (Dumbbell)";4;7.5;kg;10;;;;0;;;1h 16m
2025-10-26 11:36:10;"Morning Workout";"Preacher Curl (Barbell)";1;25;kg;10;;;;0;"With 10kg bar included";;1h 16m
2025-10-26 11:36:10;"Morning Workout";"Preacher Curl (Barbell)";2;25;kg;10;;;;0;;;1h 16m
2025-10-26 11:36:10;"Morning Workout";"Preacher Curl (Barbell)";3;25;kg;8;;;;0;;;1h 16m
2025-10-26 11:36:10;"Morning Workout";"Triceps Pushdown (Cable - Straight Bar)";1;22.5;kg;12;;;;0;"";;1h 16m
2025-10-26 11:36:10;"Morning Workout";"Triceps Pushdown (Cable - Straight Bar)";2;22.5;kg;12;;;;0;;;1h 16m
2025-10-26 11:36:10;"Morning Workout";"Triceps Pushdown (Cable - Straight Bar)";3;22.5;kg;12;;;;0;;;1h 16m
2025-10-26 11:36:10;"Morning Workout";"Reverse Fly (Machine)";1;39;kg;10;;;;0;"";;1h 16m
2025-10-26 11:36:10;"Morning Workout";"Reverse Fly (Machine)";2;32;kg;12;;;;0;;;1h 16m
2025-10-26 11:36:10;"Morning Workout";"Reverse Fly (Machine)";3;32;kg;12;;;;0;;;1h 16m
2025-11-04 16:34:38;"Lower 1";"Squat (Barbell)";1;60;kg;10;;;;0;"";"";1h 36m
2025-11-04 16:34:38;"Lower 1";"Squat (Barbell)";2;70;kg;10;;;;0;;;1h 36m
2025-11-04 16:34:38;"Lower 1";"Squat (Barbell)";3;75;kg;7;;;;0;;;1h 36m
2025-11-04 16:34:38;"Lower 1";"Squat (Barbell)";4;80;kg;5;;;;0;;;1h 36m
2025-11-04 16:34:38;"Lower 1";"Squat (Barbell)";5;80;kg;7;;;;0;;;1h 36m
2025-11-04 16:34:38;"Lower 1";"Squat (Barbell)";6;10;kg;30;;;;0;;;1h 36m
2025-11-04 16:34:38;"Lower 1";"Romanian Deadlift (Barbell)";1;50;kg;10;;;;0;"";;1h 36m
2025-11-04 16:34:38;"Lower 1";"Romanian Deadlift (Barbell)";2;70;kg;10;;;;0;;;1h 36m
2025-11-04 16:34:38;"Lower 1";"Romanian Deadlift (Barbell)";3;90;kg;7;;;;0;;;1h 36m
2025-11-04 16:34:38;"Lower 1";"Romanian Deadlift (Barbell)";4;80;kg;7;;;;0;;;1h 36m
2025-11-04 16:34:38;"Lower 1";"Seated Leg Curl (Machine)";1;39;kg;10;;;;0;"";;1h 36m
2025-11-04 16:34:38;"Lower 1";"Seated Leg Curl (Machine)";2;39;kg;15;;;;0;;;1h 36m
2025-11-04 16:34:38;"Lower 1";"Seated Leg Curl (Machine)";3;45;kg;10;;;;0;;;1h 36m
2025-11-07 12:29:28;"Upper 2";"Bench Press (Barbell)";1;60;kg;8;;;;0;"";"";1h 15m
2025-11-07 12:29:28;"Upper 2";"Bench Press (Barbell)";2;70;kg;7;;;;0;;;1h 15m
2025-11-07 12:29:28;"Upper 2";"Bench Press (Barbell)";3;75;kg;6;;;;0;;;1h 15m
2025-11-07 12:29:28;"Upper 2";"Bench Press (Barbell)";4;80;kg;6;;;;0;;;1h 15m
2025-11-07 12:29:28;"Upper 2";"Bench Press (Barbell)";5;85;kg;5;;;;0;;;1h 15m
2025-11-07 12:29:28;"Upper 2";"Bench Press (Barbell)";6;85;kg;4;;;;0;;;1h 15m
2025-11-07 12:29:28;"Upper 2";"vertical row";1;63;kg;10;;;;0;"";;1h 15m
2025-11-07 12:29:28;"Upper 2";"vertical row";2;63;kg;10;;;;0;;;1h 15m
2025-11-07 12:29:28;"Upper 2";"vertical row";3;63;kg;10;;;;0;;;1h 15m
2025-11-07 12:29:28;"Upper 2";"vertical row";4;63;kg;8;;;;0;;;1h 15m
2025-11-07 12:29:28;"Upper 2";"Lateral Raise (Dumbbell)";1;10;kg;10;;;;0;"";;1h 15m
2025-11-07 12:29:28;"Upper 2";"Lateral Raise (Dumbbell)";2;10;kg;9;;;;0;;;1h 15m
2025-11-07 12:29:28;"Upper 2";"Lateral Raise (Dumbbell)";3;10;kg;10;;;;0;;;1h 15m
2025-11-07 12:29:28;"Upper 2";"Pull Up";1;15;kg;6;;;;0;"";;1h 15m
2025-11-07 12:29:28;"Upper 2";"Pull Up";2;15;kg;4;;;;0;;;1h 15m
2025-11-07 12:29:28;"Upper 2";"Pull Up";3;10;kg;6;;;;0;;;1h 15m
2025-11-13 08:13:10;"Morning Workout";"Squat (Barbell)";1;50;kg;10;;;;0;"";"";1h 17m
2025-11-13 08:13:10;"Morning Workout";"Squat (Barbell)";2;60;kg;10;;;;0;;;1h 17m
2025-11-13 08:13:10;"Morning Workout";"Squat (Barbell)";3;60;kg;8;;;;0;;;1h 17m
2025-11-13 08:13:10;"Morning Workout";"Squat (Barbell)";4;60;kg;3;;;;0;;;1h 17m
2025-11-13 08:13:10;"Morning Workout";"Romanian Deadlift (Barbell)";1;60;kg;10;;;;0;"";;1h 17m
2025-11-13 08:13:10;"Morning Workout";"Romanian Deadlift (Barbell)";2;70;kg;10;;;;0;;;1h 17m
2025-11-13 08:13:10;"Morning Workout";"Romanian Deadlift (Barbell)";3;70;kg;10;;;;0;;;1h 17m
2025-11-13 08:13:10;"Morning Workout";"Bench Press (Barbell)";1;60;kg;10;;;;0;"";;1h 17m
2025-11-13 08:13:10;"Morning Workout";"Bench Press (Barbell)";2;80;kg;6;;;;0;;;1h 17m
2025-11-13 08:13:10;"Morning Workout";"Bench Press (Barbell)";3;80;kg;9;;;;0;;;1h 17m
2025-11-13 08:13:10;"Morning Workout";"Pull Up";1;10;kg;9;;;;0;"";;1h 17m
2025-11-13 08:13:10;"Morning Workout";"Pull Up";2;10;kg;8;;;;0;;;1h 17m
2025-11-13 08:13:10;"Morning Workout";"Pull Up";3;10;kg;5;;;;0;;;1h 17m
2025-11-13 08:13:10;"Morning Workout";"Pull Up";4;10;kg;3;;;;0;;;1h 17m
2025-11-13 08:13:10;"Morning Workout";"Lateral Raise (Dumbbell)";1;7.5;kg;15;;;;0;"";;1h 17m
2025-11-13 08:13:10;"Morning Workout";"Lateral Raise (Dumbbell)";2;7.5;kg;13;;;;0;;;1h 17m
2025-11-13 08:13:10;"Morning Workout";"Lateral Raise (Dumbbell)";3;7.5;kg;13;;;;0;;;1h 17m
2026-01-06 18:26:26;"Evening Workout";"Seated Leg Curl (Machine)";1;25;kg;10;;;;0;"";"";38m
2026-01-06 18:26:26;"Evening Workout";"Seated Leg Curl (Machine)";2;39;kg;10;;;;0;;;38m
2026-01-06 18:26:26;"Evening Workout";"Seated Leg Curl (Machine)";3;45;kg;10;;;;0;;;38m
2026-01-06 18:26:26;"Evening Workout";"Seated Leg Curl (Machine)";4;52;kg;10;;;;0;;;38m
2026-01-06 18:26:26;"Evening Workout";"Leg Extension (Machine)";1;59;kg;10;;;;0;"";;38m
2026-01-06 18:26:26;"Evening Workout";"Leg Extension (Machine)";2;59;kg;10;;;;0;;;38m
2026-01-06 18:26:26;"Evening Workout";"Leg Extension (Machine)";3;59;kg;11;;;;0;;;38m
2026-01-06 18:26:26;"Evening Workout";"Hip Abductor (Machine)";1;70;kg;10;;;;0;"";;38m
2026-01-06 18:26:26;"Evening Workout";"Hip Abductor (Machine)";2;70;kg;10;;;;0;;;38m
2026-01-06 18:26:26;"Evening Workout";"Hip Abductor (Machine)";3;70;kg;10;;;;0;;;38m
2026-01-06 18:26:26;"Evening Workout";"Hip Adductor (Machine)";1;57;kg;10;;;;0;"";;38m
2026-01-06 18:26:26;"Evening Workout";"Hip Adductor (Machine)";2;57;kg;10;;;;0;;;38m
2026-01-06 18:26:26;"Evening Workout";"Hip Adductor (Machine)";3;52.5;kg;10;;;;0;;;38m
2026-01-06 18:26:26;"Evening Workout";"Seated Calf Raise (Machine)";1;118;kg;13;;;;0;"";;38m
2026-01-06 18:26:26;"Evening Workout";"Seated Calf Raise (Machine)";2;118;kg;10;;;;0;;;38m
2026-01-06 18:26:26;"Evening Workout";"Seated Calf Raise (Machine)";3;118;kg;13;;;;0;;;38m
2026-02-07 12:44:12;"Legs back issues";"Cycling (Indoor)";1;;;;;;km;300;"";"";1h 1m
2026-02-07 12:44:12;"Legs back issues";"Lying Leg Curl (Machine)";1;34;kg;10;;;;0;"";;1h 1m
2026-02-07 12:44:12;"Legs back issues";"Lying Leg Curl (Machine)";2;43;kg;12;;;;0;;;1h 1m
2026-02-07 12:44:12;"Legs back issues";"Lying Leg Curl (Machine)";3;43;kg;12;;;;0;;;1h 1m
2026-02-07 12:44:12;"Legs back issues";"Hip Abductor (Machine)";1;75;kg;15;;;;0;"";;1h 1m
2026-02-07 12:44:12;"Legs back issues";"Hip Abductor (Machine)";2;75;kg;13;;;;0;;;1h 1m
2026-02-07 12:44:12;"Legs back issues";"Hip Abductor (Machine)";3;75;kg;12;;;;0;;;1h 1m
2026-02-07 12:44:12;"Legs back issues";"Hip Adductor (Machine)";1;36;kg;16;;;;0;"";;1h 1m
2026-02-07 12:44:12;"Legs back issues";"Hip Adductor (Machine)";2;43;kg;15;;;;0;;;1h 1m
2026-02-07 12:44:12;"Legs back issues";"Hip Adductor (Machine)";3;43;kg;14;;;;0;;;1h 1m
2026-02-07 12:44:12;"Legs back issues";"Seated Calf Raise (Machine)";1;118;kg;13;;;;0;"";;1h 1m
2026-02-07 12:44:12;"Legs back issues";"Seated Calf Raise (Machine)";2;120;kg;12;;;;0;;;1h 1m
2026-02-07 12:44:12;"Legs back issues";"Seated Calf Raise (Machine)";3;120;kg;12;;;;0;;;1h 1m
2026-02-07 12:44:12;"Legs back issues";"Leg Extension (Machine)";1;59;kg;10;;;;0;"";;1h 1m
2026-02-07 12:44:12;"Legs back issues";"Leg Extension (Machine)";2;59;kg;10;;;;0;;;1h 1m
2026-02-07 12:44:12;"Legs back issues";"Leg Extension (Machine)";3;59;kg;13;;;;0;;;1h 1m
2026-02-10 16:51:06;"Afternoon Workout";"Chest Press (Machine)";1;40;kg;10;;;;0;"";"";1h 4m
2026-02-10 16:51:06;"Afternoon Workout";"Chest Press (Machine)";2;50;kg;10;;;;0;;;1h 4m
2026-02-10 16:51:06;"Afternoon Workout";"Chest Press (Machine)";3;60;kg;9;;;;0;;;1h 4m
2026-02-10 16:51:06;"Afternoon Workout";"Chest Press (Machine)";4;60;kg;8;;;;0;;;1h 4m
2026-02-10 16:51:06;"Afternoon Workout";"Seated Row (Machine)";1;59;kg;11;;;;0;"";;1h 4m
2026-02-10 16:51:06;"Afternoon Workout";"Seated Row (Machine)";2;59;kg;8;;;;0;;;1h 4m
2026-02-10 16:51:06;"Afternoon Workout";"Seated Row (Machine)";3;52;kg;9;;;;0;;;1h 4m
2026-02-10 16:51:06;"Afternoon Workout";"Lat Pulldown (Cable)";1;73;kg;9;;;;0;"";;1h 4m
2026-02-10 16:51:06;"Afternoon Workout";"Lat Pulldown (Cable)";2;68;kg;7;;;;0;;;1h 4m
2026-02-10 16:51:06;"Afternoon Workout";"Lat Pulldown (Cable)";3;59;kg;8;;;;0;;;1h 4m
2026-02-10 16:51:06;"Afternoon Workout";"Lateral Raise (Dumbbell)";1;8;kg;10;;;;0;"";;1h 4m
2026-02-10 16:51:06;"Afternoon Workout";"Lateral Raise (Dumbbell)";2;8;kg;10;;;;0;;;1h 4m
2026-02-10 16:51:06;"Afternoon Workout";"Lateral Raise (Dumbbell)";3;8;kg;9;;;;0;;;1h 4m
2026-02-10 16:51:06;"Afternoon Workout";"Triceps Pushdown (Cable - Straight Bar)";1;22.5;kg;10;;;;0;"";;1h 4m
2026-02-10 16:51:06;"Afternoon Workout";"Triceps Pushdown (Cable - Straight Bar)";2;22.5;kg;6;;;;0;;;1h 4m
2026-02-10 16:51:06;"Afternoon Workout";"Triceps Pushdown (Cable - Straight Bar)";3;20.3;kg;2;;;;0;;;1h 4m
2026-02-10 16:51:06;"Afternoon Workout";"Triceps Pushdown (Cable - Straight Bar)";4;20.3;kg;4;;;;0;;;1h 4m
2026-02-10 16:51:06;"Afternoon Workout";"Preacher Curl (Barbell)";1;25;kg;8;;;;0;"";;1h 4m
2026-02-10 16:51:06;"Afternoon Workout";"Preacher Curl (Barbell)";2;25;kg;6;;;;0;;;1h 4m
2026-02-10 16:51:06;"Afternoon Workout";"Preacher Curl (Barbell)";3;25;kg;3;;;;0;;;1h 4m
2026-02-10 16:51:06;"Afternoon Workout";"Preacher Curl (Barbell)";4;25;kg;3;;;;0;;;1h 4m
2026-04-06 12:51:55;"Upper body";"Chest Press (Machine)";1;30;kg;12;;;;0;"";"";40m
2026-04-06 12:51:55;"Upper body";"Chest Press (Machine)";2;40;kg;12;;;;0;;;40m
2026-04-06 12:51:55;"Upper body";"Chest Press (Machine)";3;40;kg;10;;;;0;;;40m
2026-04-06 12:51:55;"Upper body";"Chest Press (Machine)";4;47.5;kg;10;;;;0;;;40m
2026-04-06 12:51:55;"Upper body";"Seated Row (Machine)";1;59;kg;10;;;;0;"Chest position 4 seat position 4";;40m
2026-04-06 12:51:55;"Upper body";"Seated Row (Machine)";2;52;kg;10;;;;0;;;40m
2026-04-06 12:51:55;"Upper body";"Seated Row (Machine)";3;52;kg;8;;;;0;;;40m
2026-04-06 12:51:55;"Upper body";"Lat Pulldown (Cable)";1;68.3;kg;10;;;;0;"";;40m
2026-04-06 12:51:55;"Upper body";"Lat Pulldown (Cable)";2;66;kg;7;;;;0;;;40m
2026-04-06 12:51:55;"Upper body";"Lat Pulldown (Cable)";3;61.3;kg;5;;;;0;;;40m
2026-04-06 12:51:55;"Upper body";"Lat Pulldown (Cable)";4;61.3;kg;6;;;;0;;;40m
2026-04-06 12:51:55;"Upper body";"Lateral Raise (Dumbbell)";1;7.5;kg;10;;;;0;"";;40m
2026-04-06 12:51:55;"Upper body";"Lateral Raise (Dumbbell)";2;7.5;kg;10;;;;0;;;40m
2026-04-06 12:51:55;"Upper body";"Lateral Raise (Dumbbell)";3;7.5;kg;10;;;;0;;;40m
2026-04-08 19:21:53;"Upper body";"Chest Press (Machine)";1;30;kg;10;;;;0;"";"";58m
2026-04-08 19:21:53;"Upper body";"Chest Press (Machine)";2;40;kg;12;;;;0;;;58m
2026-04-08 19:21:53;"Upper body";"Chest Press (Machine)";3;60;kg;10;;;;0;;;58m
2026-04-08 19:21:53;"Upper body";"Chest Press (Machine)";4;65;kg;8;;;;0;;;58m
2026-04-08 19:21:53;"Upper body";"Seated Row (Machine)";1;61;kg;10;;;;0;"";;58m
2026-04-08 19:21:53;"Upper body";"Seated Row (Machine)";2;59;kg;9;;;;0;;;58m
2026-04-08 19:21:53;"Upper body";"Seated Row (Machine)";3;52;kg;8;;;;0;;;58m
2026-04-08 19:21:53;"Upper body";"Pull Up (Assisted)";1;4.5;kg;8;;;;0;"";;58m
2026-04-08 19:21:53;"Upper body";"Pull Up (Assisted)";2;4.5;kg;3;;;;0;;;58m
2026-04-08 19:21:53;"Upper body";"Pull Up (Assisted)";3;14;kg;3;;;;0;;;58m
2026-04-08 19:21:53;"Upper body";"Pull Up (Assisted)";4;14;kg;8;;;;0;;;58m
2026-04-08 19:21:53;"Upper body";"Lateral Raise (Dumbbell)";1;8;kg;10;;;;0;"";;58m
2026-04-08 19:21:53;"Upper body";"Lateral Raise (Dumbbell)";2;8;kg;10;;;;0;;;58m
2026-04-08 19:21:53;"Upper body";"Lateral Raise (Dumbbell)";3;8;kg;10;;;;0;;;58m
2026-04-08 19:21:53;"Upper body";"Triceps Pushdown (Cable - Straight Bar)";1;22.5;kg;10;;;;0;"";;58m
2026-04-08 19:21:53;"Upper body";"Triceps Pushdown (Cable - Straight Bar)";2;22.5;kg;9;;;;0;;;58m
2026-04-08 19:21:53;"Upper body";"Triceps Pushdown (Cable - Straight Bar)";3;20.3;kg;8;;;;0;;;58m
2026-04-08 19:21:53;"Upper body";"Side Plank";1;;;;;;km;30;"";;58m
2026-04-08 19:21:53;"Upper body";"Side Plank";2;;;;;;km;30;;;58m
2026-04-08 19:21:53;"Upper body";"Side Plank";3;;;;;;km;30;;;58m
2026-04-25 11:22:08;"Upper body";"Bench Press (Barbell)";1;50;kg;8;;;;0;"";"";1h 4m
2026-04-25 11:22:08;"Upper body";"Bench Press (Barbell)";2;70;kg;6;;;;0;;;1h 4m
2026-04-25 11:22:08;"Upper body";"Bench Press (Barbell)";3;70;kg;7;;;;0;;;1h 4m
2026-04-25 11:22:08;"Upper body";"Seated Row (Machine)";1;66;kg;5;;;;0;"";;1h 4m
2026-04-25 11:22:08;"Upper body";"Seated Row (Machine)";2;59;kg;3;;;;0;;;1h 4m
2026-04-25 11:22:08;"Upper body";"Seated Row (Machine)";3;59;kg;8;;;;0;;;1h 4m
2026-04-25 11:22:08;"Upper body";"Seated Row (Machine)";4;59;kg;8;;;;0;;;1h 4m
2026-04-25 11:22:08;"Upper body";"Lat Pulldown (Cable)";1;70;kg;10;;;;0;"";;1h 4m
2026-04-25 11:22:08;"Upper body";"Lat Pulldown (Cable)";2;73;kg;8;;;;0;;;1h 4m
2026-04-25 11:22:08;"Upper body";"Lat Pulldown (Cable)";3;73;kg;8;;;;0;;;1h 4m
2026-04-25 11:22:08;"Upper body";"Lateral Raise (Dumbbell)";1;8;kg;10;;;;0;"";;1h 4m
2026-04-25 11:22:08;"Upper body";"Lateral Raise (Dumbbell)";2;8;kg;10;;;;0;;;1h 4m
2026-04-25 11:22:08;"Upper body";"Lateral Raise (Dumbbell)";3;8;kg;10;;;;0;;;1h 4m
2026-04-25 11:22:08;"Upper body";"Triceps Pushdown (Cable - Straight Bar)";1;22.5;kg;10;;;;0;"";;1h 4m
2026-04-25 11:22:08;"Upper body";"Triceps Pushdown (Cable - Straight Bar)";2;22.5;kg;8;;;;0;;;1h 4m
2026-04-25 11:22:08;"Upper body";"Triceps Pushdown (Cable - Straight Bar)";3;222.5;kg;8;;;;0;;;1h 4m
2026-04-25 11:22:08;"Upper body";"Side Plank";1;;;;;;km;30;"";;1h 4m
2026-04-25 11:22:08;"Upper body";"Side Plank";2;;;;;;km;30;;;1h 4m
2026-04-25 11:22:08;"Upper body";"Side Plank";3;;;;;;km;30;;;1h 4m
2026-05-01 09:05:58;"Upper body";"Iso-Lateral Chest Press (Machine)";1;50;kg;10;;;;0;"";"";55m
2026-05-01 09:05:58;"Upper body";"Iso-Lateral Chest Press (Machine)";2;50;kg;9;;;;0;;;55m
2026-05-01 09:05:58;"Upper body";"Iso-Lateral Chest Press (Machine)";3;50;kg;8;;;;0;;;55m
2026-05-01 09:05:58;"Upper body";"Iso-Lateral Chest Press (Machine)";4;30;kg;10;;;;0;;;55m
2026-05-01 09:05:58;"Upper body";"Seated Row (Machine)";1;59;kg;10;;;;0;"";;55m
2026-05-01 09:05:58;"Upper body";"Seated Row (Machine)";2;59;kg;10;;;;0;;;55m
2026-05-01 09:05:58;"Upper body";"Seated Row (Machine)";3;59;kg;9;;;;0;;;55m
2026-05-01 09:05:58;"Upper body";"Lat Pulldown (Cable)";1;73;kg;10;;;;0;"";;55m
2026-05-01 09:05:58;"Upper body";"Lat Pulldown (Cable)";2;73;kg;3;;;;0;;;55m
2026-05-01 09:05:58;"Upper body";"Lat Pulldown (Cable)";3;70;kg;5;;;;0;;;55m
2026-05-01 09:05:58;"Upper body";"Lat Pulldown (Cable)";4;66;kg;2;;;;0;;;55m
2026-05-01 09:05:58;"Upper body";"Lateral Raise (Dumbbell)";1;8;kg;10;;;;0;"";;55m
2026-05-01 09:05:58;"Upper body";"Lateral Raise (Dumbbell)";2;8;kg;10;;;;0;;;55m
2026-05-01 09:05:58;"Upper body";"Lateral Raise (Dumbbell)";3;8;kg;10;;;;0;;;55m
2026-05-01 09:05:58;"Upper body";"Triceps Pushdown (Cable - Straight Bar)";1;22.5;kg;10;;;;0;"";;55m
2026-05-01 09:05:58;"Upper body";"Triceps Pushdown (Cable - Straight Bar)";2;22.5;kg;7;;;;0;;;55m
2026-05-01 09:05:58;"Upper body";"Triceps Pushdown (Cable - Straight Bar)";3;22.5;kg;4;;;;0;;;55m
2026-05-01 09:05:58;"Upper body";"Triceps Pushdown (Cable - Straight Bar)";4;22.5;kg;3;;;;0;;;55m
2026-05-01 09:05:58;"Upper body";"Side Plank";1;;;;;;km;30;"";;55m
2026-05-01 09:05:58;"Upper body";"Side Plank";2;;;;;;km;30;;;55m
2026-05-01 09:05:58;"Upper body";"Side Plank";3;;;;;;km;30;;;55m
2026-05-05 19:29:33;"Upper body";"Iso-Lateral Chest Press (Machine)";1;55;kg;10;;;;0;"";"";1h 6m
2026-05-05 19:29:33;"Upper body";"Iso-Lateral Chest Press (Machine)";2;57.5;kg;8;;;;0;;;1h 6m
2026-05-05 19:29:33;"Upper body";"Iso-Lateral Chest Press (Machine)";3;57.5;kg;7;;;;0;;;1h 6m
2026-05-05 19:29:33;"Upper body";"Iso-Lateral Chest Press (Machine)";4;20;kg;10;;;;0;;;1h 6m
2026-05-05 19:29:33;"Upper body";"Seated Row (Machine)";1;59;kg;10;;;;0;"";;1h 6m
2026-05-05 19:29:33;"Upper body";"Seated Row (Machine)";2;59;kg;10;;;;0;;;1h 6m
2026-05-05 19:29:33;"Upper body";"Seated Row (Machine)";3;59;kg;10;;;;0;;;1h 6m
2026-05-05 19:29:33;"Upper body";"Lat Pulldown (Cable)";1;73;kg;8;;;;0;"";;1h 6m
2026-05-05 19:29:33;"Upper body";"Lat Pulldown (Cable)";2;66;kg;8;;;;0;;;1h 6m
2026-05-05 19:29:33;"Upper body";"Lat Pulldown (Cable)";3;66;kg;8;;;;0;;;1h 6m
2026-05-05 19:29:33;"Upper body";"Lateral Raise (Dumbbell)";1;8;kg;12;;;;0;"";;1h 6m
2026-05-05 19:29:33;"Upper body";"Lateral Raise (Dumbbell)";2;8;kg;11;;;;0;;;1h 6m
2026-05-05 19:29:33;"Upper body";"Lateral Raise (Dumbbell)";3;8;kg;9;;;;0;;;1h 6m
2026-05-05 19:29:33;"Upper body";"Triceps Pushdown (Cable - Straight Bar)";1;22.5;kg;10;;;;0;"";;1h 6m
2026-05-05 19:29:33;"Upper body";"Triceps Pushdown (Cable - Straight Bar)";2;22.5;kg;10;;;;0;;;1h 6m
2026-05-05 19:29:33;"Upper body";"Triceps Pushdown (Cable - Straight Bar)";3;22.5;kg;8;;;;0;;;1h 6m
2026-05-05 19:29:33;"Upper body";"Triceps Pushdown (Cable - Straight Bar)";4;22.5;kg;2;;;;0;;;1h 6m
2026-05-05 19:29:33;"Upper body";"Side Plank";1;;;;;;km;30;"";;1h 6m
2026-05-05 19:29:33;"Upper body";"Side Plank";2;;;;;;km;30;;;1h 6m
2026-05-05 19:29:33;"Upper body";"Side Plank";3;;;;;;km;30;;;1h 6m
2026-05-09 11:44:59;"Upper body";"Iso-Lateral Chest Press (Machine)";1;60;kg;10;;;;0;"";"";1h 9m
2026-05-09 11:44:59;"Upper body";"Iso-Lateral Chest Press (Machine)";2;70;kg;10;;;;0;;;1h 9m
2026-05-09 11:44:59;"Upper body";"Iso-Lateral Chest Press (Machine)";3;70;kg;7;;;;0;;;1h 9m
2026-05-09 11:44:59;"Upper body";"Iso-Lateral Chest Press (Machine)";4;20;kg;10;;;;0;;;1h 9m
2026-05-09 11:44:59;"Upper body";"Seated Row (Machine)";1;59;kg;10;;;;0;"";;1h 9m
2026-05-09 11:44:59;"Upper body";"Seated Row (Machine)";2;59;kg;10;;;;0;;;1h 9m
2026-05-09 11:44:59;"Upper body";"Seated Row (Machine)";3;59;kg;10;;;;0;;;1h 9m
2026-05-09 11:44:59;"Upper body";"Lat Pulldown (Cable)";1;73;kg;10;;;;0;"";;1h 9m
2026-05-09 11:44:59;"Upper body";"Lat Pulldown (Cable)";2;73;kg;5;;;;0;;;1h 9m
2026-05-09 11:44:59;"Upper body";"Lat Pulldown (Cable)";3;66;kg;5;;;;0;;;1h 9m
2026-05-09 11:44:59;"Upper body";"Lat Pulldown (Cable)";4;66;kg;7;;;;0;;;1h 9m
2026-05-09 11:44:59;"Upper body";"Lateral Raise (Dumbbell)";1;9;kg;12;;;;0;"";;1h 9m
2026-05-09 11:44:59;"Upper body";"Lateral Raise (Dumbbell)";2;9;kg;10;;;;0;;;1h 9m
2026-05-09 11:44:59;"Upper body";"Lateral Raise (Dumbbell)";3;9;kg;9;;;;0;;;1h 9m
2026-05-09 11:44:59;"Upper body";"Triceps Pushdown (Cable - Straight Bar)";1;22.5;kg;10;;;;0;"";;1h 9m
2026-05-09 11:44:59;"Upper body";"Triceps Pushdown (Cable - Straight Bar)";2;22.5;kg;10;;;;0;;;1h 9m
2026-05-09 11:44:59;"Upper body";"Triceps Pushdown (Cable - Straight Bar)";3;22.5;kg;5;;;;0;;;1h 9m
2026-05-09 11:44:59;"Upper body";"Triceps Pushdown (Cable - Straight Bar)";4;22.5;kg;3;;;;0;;;1h 9m
2026-05-12 19:12:05;"Upper body";"Iso-Lateral Chest Press (Machine)";1;60;kg;10;;;;0;"";"";1h 6m
2026-05-12 19:12:05;"Upper body";"Iso-Lateral Chest Press (Machine)";2;60;kg;11;;;;0;;;1h 6m
2026-05-12 19:12:05;"Upper body";"Iso-Lateral Chest Press (Machine)";3;62.5;kg;10;;;;0;;;1h 6m
2026-05-12 19:12:05;"Upper body";"Seated Row (Machine)";1;59;kg;10;;;;0;"";;1h 6m
2026-05-12 19:12:05;"Upper body";"Seated Row (Machine)";2;59;kg;10;;;;0;;;1h 6m
2026-05-12 19:12:05;"Upper body";"Seated Row (Machine)";3;59;kg;12;;;;0;;;1h 6m
2026-05-12 19:12:05;"Upper body";"Lat Pulldown (Cable)";1;73;kg;7;;;;0;"";;1h 6m
2026-05-12 19:12:05;"Upper body";"Lat Pulldown (Cable)";2;66;kg;7;;;;0;;;1h 6m
2026-05-12 19:12:05;"Upper body";"Lat Pulldown (Cable)";3;66;kg;10;;;;0;;;1h 6m
2026-05-12 19:12:05;"Upper body";"Lat Pulldown (Cable)";4;66;kg;5;;;;0;;;1h 6m
2026-05-12 19:12:05;"Upper body";"Lateral Raise (Dumbbell)";1;10;kg;10;;;;0;"";;1h 6m
2026-05-12 19:12:05;"Upper body";"Lateral Raise (Dumbbell)";2;10;kg;9;;;;0;;;1h 6m
2026-05-12 19:12:05;"Upper body";"Lateral Raise (Dumbbell)";3;10;kg;7;;;;0;;;1h 6m
2026-05-12 19:12:05;"Upper body";"Lateral Raise (Dumbbell)";4;10;kg;4;;;;0;;;1h 6m
2026-05-12 19:12:05;"Upper body";"Triceps Pushdown (Cable - Straight Bar)";1;22.5;kg;12;;;;0;"";;1h 6m
2026-05-12 19:12:05;"Upper body";"Triceps Pushdown (Cable - Straight Bar)";2;22.5;kg;10;;;;0;;;1h 6m
2026-05-12 19:12:05;"Upper body";"Triceps Pushdown (Cable - Straight Bar)";3;22.5;kg;6;;;;0;;;1h 6m
2026-05-12 19:12:05;"Upper body";"Triceps Pushdown (Cable - Straight Bar)";4;22.5;kg;3;;;;0;;;1h 6m
2026-05-16 10:55:13;"Upper body";"Iso-Lateral Chest Press (Machine)";1;70;kg;10;;;;0;"";"";1h 11m
2026-05-16 10:55:13;"Upper body";"Iso-Lateral Chest Press (Machine)";2;72.5;kg;10;;;;0;;;1h 11m
2026-05-16 10:55:13;"Upper body";"Iso-Lateral Chest Press (Machine)";3;72.5;kg;6;;;;0;;;1h 11m
2026-05-16 10:55:13;"Upper body";"Iso-Lateral Chest Press (Machine)";4;72.5;kg;3;;;;0;;;1h 11m
2026-05-16 10:55:13;"Upper body";"Seated Row (Machine)";1;61;kg;10;;;;0;"";;1h 11m
2026-05-16 10:55:13;"Upper body";"Seated Row (Machine)";2;61;kg;10;;;;0;;;1h 11m
2026-05-16 10:55:13;"Upper body";"Seated Row (Machine)";3;61;kg;10;;;;0;;;1h 11m
2026-05-16 10:55:13;"Upper body";"Lat Pulldown (Cable)";1;73;kg;10;;;;0;"";;1h 11m
2026-05-16 10:55:13;"Upper body";"Lat Pulldown (Cable)";2;75;kg;6;;;;0;;;1h 11m
2026-05-16 10:55:13;"Upper body";"Lat Pulldown (Cable)";3;73;kg;7;;;;0;;;1h 11m
2026-05-16 10:55:13;"Upper body";"Lat Pulldown (Cable)";4;73;kg;3;;;;0;;;1h 11m
2026-05-16 10:55:13;"Upper body";"Lateral Raise (Dumbbell)";1;10;kg;10;;;;0;"";;1h 11m
2026-05-16 10:55:13;"Upper body";"Lateral Raise (Dumbbell)";2;10;kg;9;;;;0;;;1h 11m
2026-05-16 10:55:13;"Upper body";"Triceps Pushdown (Cable - Straight Bar)";1;24.8;kg;10;;;;0;"";;1h 11m
2026-05-16 10:55:13;"Upper body";"Triceps Pushdown (Cable - Straight Bar)";2;24.8;kg;10;;;;0;;;1h 11m
2026-05-16 10:55:13;"Upper body";"Triceps Pushdown (Cable - Straight Bar)";3;24.8;kg;5;;;;0;;;1h 11m
2026-05-16 10:55:13;"Upper body";"Triceps Pushdown (Cable - Straight Bar)";4;24.8;kg;4;;;;0;;;1h 11m
2026-05-20 19:31:09;"Upper body";"Iso-Lateral Chest Press (Machine)";1;70;kg;10;;;;0;"";"";1h 6m
2026-05-20 19:31:09;"Upper body";"Iso-Lateral Chest Press (Machine)";2;75;kg;8;;;;0;;;1h 6m
2026-05-20 19:31:09;"Upper body";"Iso-Lateral Chest Press (Machine)";3;75;kg;5;;;;0;;;1h 6m
2026-05-20 19:31:09;"Upper body";"Iso-Lateral Chest Press (Machine)";4;75;kg;2;;;;0;;;1h 6m
2026-05-20 19:31:09;"Upper body";"Seated Row (Machine)";1;61;kg;11;;;;0;"";;1h 6m
2026-05-20 19:31:09;"Upper body";"Seated Row (Machine)";2;61;kg;11;;;;0;;;1h 6m
2026-05-20 19:31:09;"Upper body";"Seated Row (Machine)";3;61;kg;10;;;;0;;;1h 6m
2026-05-20 19:31:09;"Upper body";"Lat Pulldown (Cable)";1;73;kg;10;;;;0;"";;1h 6m
2026-05-20 19:31:09;"Upper body";"Lat Pulldown (Cable)";2;73;kg;10;;;;0;;;1h 6m
2026-05-20 19:31:09;"Upper body";"Lat Pulldown (Cable)";3;73;kg;10;;;;0;;;1h 6m
2026-05-20 19:31:09;"Upper body";"Lateral Raise (Dumbbell)";1;10;kg;10;;;;0;"";;1h 6m
2026-05-20 19:31:09;"Upper body";"Lateral Raise (Dumbbell)";2;10;kg;10;;;;0;;;1h 6m
2026-05-20 19:31:09;"Upper body";"Lateral Raise (Dumbbell)";3;10;kg;5;;;;0;;;1h 6m
2026-05-20 19:31:09;"Upper body";"Lateral Raise (Dumbbell)";4;10;kg;5;;;;0;;;1h 6m
2026-05-20 19:31:09;"Upper body";"Triceps Pushdown (Cable - Straight Bar)";1;24.8;kg;10;;;;0;"";;1h 6m
2026-05-20 19:31:09;"Upper body";"Triceps Pushdown (Cable - Straight Bar)";2;24.8;kg;10;;;;0;;;1h 6m
2026-05-20 19:31:09;"Upper body";"Triceps Pushdown (Cable - Straight Bar)";3;24.8;kg;4;;;;0;;;1h 6m
2026-05-20 19:31:09;"Upper body";"Triceps Pushdown (Cable - Straight Bar)";4;22.5;kg;3;;;;0;;;1h 6m
2026-05-20 19:31:09;"Upper body";"Side Plank";1;;;;;;km;30;"";;1h 6m
2026-05-20 19:31:09;"Upper body";"Side Plank";2;;;;;;km;30;;;1h 6m
2026-05-20 19:31:09;"Upper body";"Side Plank";3;;;;;;km;30;;;1h 6m
2026-05-22 17:35:18;"Upper body";"Iso-Lateral Chest Press (Machine)";1;75;kg;10;;;;0;"";"";24m
2026-05-22 17:35:18;"Upper body";"Iso-Lateral Chest Press (Machine)";2;75;kg;8;;;;0;;;24m
2026-05-22 17:35:18;"Upper body";"Iso-Lateral Chest Press (Machine)";3;70;kg;6;;;;0;;;24m
2026-05-22 17:35:18;"Upper body";"Seated Row (Machine)";1;61;kg;10;;;;0;"";;24m
2026-05-22 17:35:18;"Upper body";"Seated Row (Machine)";2;61;kg;6;;;;0;;;24m
2026-05-22 17:35:18;"Upper body";"Lat Pulldown (Machine)";1;130;kg;10;;;;0;"";;24m
2026-05-22 17:35:18;"Upper body";"Lat Pulldown (Machine)";2;130;kg;8;;;;0;;;24m
2026-05-22 17:35:18;"Upper body";"Lat Pulldown (Machine)";3;110;kg;10;;;;0;;;24m
2026-05-22 17:35:18;"Upper body";"Triceps Pushdown (Cable - Straight Bar)";1;24.8;kg;10;;;;0;"";;24m
2026-05-22 17:35:18;"Upper body";"Triceps Pushdown (Cable - Straight Bar)";2;24.8;kg;10;;;;0;;;24m
2026-05-22 17:35:18;"Upper body";"Triceps Pushdown (Cable - Straight Bar)";3;24.8;kg;7;;;;0;;;24m
2026-05-26 19:31:31;"Upper body";"Iso-Lateral Chest Press (Machine)";1;70;kg;10;;;;0;"";"";56m
2026-05-26 19:31:31;"Upper body";"Iso-Lateral Chest Press (Machine)";2;75;kg;8;;;;0;;;56m
2026-05-26 19:31:31;"Upper body";"Iso-Lateral Chest Press (Machine)";3;75;kg;8;;;;0;;;56m
2026-05-26 19:31:31;"Upper body";"Seated Row (Machine)";1;61;kg;10;;;;0;"";;56m
2026-05-26 19:31:31;"Upper body";"Seated Row (Machine)";2;61;kg;11;;;;0;;;56m
2026-05-26 19:31:31;"Upper body";"Seated Row (Machine)";3;61;kg;10;;;;0;;;56m
2026-05-26 19:31:31;"Upper body";"Lat Pulldown - Wide Grip (Cable)";1;59;kg;10;;;;0;"";;56m
2026-05-26 19:31:31;"Upper body";"Lat Pulldown - Wide Grip (Cable)";2;59;kg;10;;;;0;;;56m
2026-05-26 19:31:31;"Upper body";"Lat Pulldown - Wide Grip (Cable)";3;59;kg;11;;;;0;;;56m
2026-05-26 19:31:31;"Upper body";"Lateral Raise (Dumbbell)";1;10;kg;10;;;;0;"";;56m
2026-05-26 19:31:31;"Upper body";"Lateral Raise (Dumbbell)";2;10;kg;10;;;;0;;;56m
2026-05-26 19:31:31;"Upper body";"Lateral Raise (Dumbbell)";3;10;kg;5;;;;0;;;56m
2026-05-26 19:31:31;"Upper body";"Lateral Raise (Dumbbell)";4;10;kg;3;;;;0;;;56m
2026-06-06 18:39:56;"Upper body";"Iso-Lateral Chest Press (Machine)";1;75;kg;10;;;;0;"";"";1h 15m
2026-06-06 18:39:56;"Upper body";"Iso-Lateral Chest Press (Machine)";2;80;kg;9;;;;0;;;1h 15m
2026-06-06 18:39:56;"Upper body";"Iso-Lateral Chest Press (Machine)";3;80;kg;6;;;;0;;;1h 15m
2026-06-06 18:39:56;"Upper body";"Iso-Lateral Chest Press (Machine)";4;80;kg;2;;;;0;;;1h 15m
2026-06-06 18:39:56;"Upper body";"seated row matrix";1;30;kg;10;;;;0;"Just weights per side ";;1h 15m
2026-06-06 18:39:56;"Upper body";"seated row matrix";2;35;kg;8;;;;0;;;1h 15m
2026-06-06 18:39:56;"Upper body";"seated row matrix";3;35;kg;8;;;;0;;;1h 15m
2026-06-06 18:39:56;"Upper body";"Lat Pulldown (Cable)";1;73;kg;10;;;;0;"";;1h 15m
2026-06-06 18:39:56;"Upper body";"Lat Pulldown (Cable)";2;73;kg;8;;;;0;;;1h 15m
2026-06-06 18:39:56;"Upper body";"Lat Pulldown (Cable)";3;73;kg;9;;;;0;;;1h 15m
2026-06-06 18:39:56;"Upper body";"Lateral Raise (Dumbbell)";1;10;kg;10;;;;0;"";;1h 15m
2026-06-06 18:39:56;"Upper body";"Lateral Raise (Dumbbell)";2;10;kg;10;;;;0;;;1h 15m
2026-06-06 18:39:56;"Upper body";"Lateral Raise (Dumbbell)";3;10;kg;6;;;;0;;;1h 15m
2026-06-06 18:39:56;"Upper body";"Lateral Raise (Dumbbell)";4;10;kg;4;;;;0;;;1h 15m
2026-06-06 18:39:56;"Upper body";"Triceps Pushdown (Cable - Straight Bar)";1;23;kg;10;;;;0;"";;1h 15m
2026-06-06 18:39:56;"Upper body";"Triceps Pushdown (Cable - Straight Bar)";2;25.3;kg;10;;;;0;;;1h 15m
2026-06-06 18:39:56;"Upper body";"Triceps Pushdown (Cable - Straight Bar)";3;25.3;kg;4;;;;0;;;1h 15m
2026-06-06 18:39:56;"Upper body";"Triceps Pushdown (Cable - Straight Bar)";4;25.3;kg;3;;;;0;;;1h 15m
